"","dvcat","dead","seatbelt","frontal","sex","ageOFocc","occRole","deploy","injSeverity"
"1675","25-39",1,"belted",1,"f",40,"driver",1,3
"1560","25-39",1,"belted",1,"m",41,"driver",0,1
"23218","40-54",1,"belted",0,"m",35,"driver",1,0
"17983","25-39",1,"belted",1,"m",26,"pass",1,2
"22186","25-39",1,"belted",1,"f",32,"driver",1,3
"2845","25-39",1,"belted",1,"f",41,"driver",1,0
"1631","10-24",1,"belted",1,"f",24,"driver",0,1
"11736","25-39",1,"none",1,"m",25,"driver",1,2
"4385","40-54",1,"none",0,"f",22,"driver",0,3
"24207","10-24",1,"belted",1,"f",47,"pass",0,0
"13027","10-24",1,"belted",1,"f",42,"driver",0,3
"15305","10-24",1,"belted",1,"m",63,"driver",1,1
"8878","10-24",1,"none",1,"f",31,"pass",1,0
"15259","10-24",1,"none",1,"f",33,"pass",0,2
"8663","25-39",1,"none",1,"m",26,"driver",0,1
"9361","10-24",1,"belted",1,"m",23,"driver",0,0
"19551","40-54",1,"none",1,"m",35,"driver",0,3
"9526","25-39",1,"none",0,"m",17,"driver",1,2
"21877","10-24",1,"none",1,"f",20,"pass",1,1
"8040","10-24",1,"belted",1,"m",73,"driver",0,0
"17276","10-24",1,"belted",1,"m",30,"driver",0,0
"2700","10-24",1,"belted",1,"m",48,"driver",0,0
"13385","55+",1,"none",1,"m",55,"driver",0,2
"9972","40-54",1,"belted",1,"m",67,"driver",0,1
"6451","25-39",1,"belted",0,"m",18,"driver",0,1
"12091","10-24",1,"belted",1,"f",49,"pass",0,2
"2216","25-39",1,"belted",0,"f",42,"driver",1,3
"8120","40-54",1,"belted",1,"f",29,"driver",0,1
"4029","10-24",1,"none",1,"f",19,"pass",0,0
"15256","10-24",1,"belted",1,"m",17,"driver",1,1
"17430","10-24",1,"belted",1,"m",31,"driver",0,0
"9899","40-54",1,"belted",0,"m",43,"driver",0,3
"11520","25-39",1,"belted",1,"m",27,"driver",0,2
"25652","10-24",1,"belted",1,"f",54,"driver",0,0
"14618","10-24",1,"belted",1,"m",19,"driver",0,0
"11426","10-24",1,"none",1,"m",16,"pass",1,1
"23044","10-24",1,"belted",1,"m",18,"driver",0,0
"23535","10-24",1,"belted",0,"f",42,"driver",1,0
"3586","10-24",1,"belted",0,"f",19,"pass",0,2
"20457","10-24",1,"belted",1,"m",22,"driver",1,0
"22666","10-24",1,"belted",1,"m",37,"driver",1,0
"17928","10-24",1,"none",0,"m",21,"driver",0,1
"18002","10-24",1,"none",1,"m",30,"driver",0,3
"14714","10-24",1,"belted",1,"f",30,"pass",1,2
"12683","25-39",1,"none",1,"m",27,"driver",0,3
"8685","25-39",1,"none",0,"m",22,"driver",0,3
"5153","10-24",1,"none",1,"f",17,"driver",1,2
"23357","1-9km/h",1,"belted",1,"f",38,"driver",0,0
"6289","10-24",1,"belted",1,"m",18,"driver",0,2
"1230","10-24",1,"belted",1,"m",27,"driver",1,2
"3444","25-39",1,"belted",1,"m",26,"driver",1,3
"23567","25-39",1,"belted",1,"f",52,"pass",1,2
"26070","55+",1,"belted",0,"m",20,"driver",0,3
"5550","25-39",1,"belted",0,"m",47,"pass",1,1
"19248","25-39",1,"belted",0,"m",74,"driver",0,2
"8891","40-54",1,"none",0,"f",16,"pass",1,3
"8198","25-39",1,"belted",1,"f",28,"driver",0,1
"17740","1-9km/h",1,"none",1,"m",22,"driver",1,0
"3625","25-39",1,"belted",1,"m",20,"driver",0,0
"4906","10-24",1,"belted",1,"f",50,"driver",1,3
"8569","10-24",1,"belted",1,"m",29,"driver",0,0
"25156","10-24",1,"belted",0,"m",22,"driver",0,0
"24988","40-54",1,"belted",1,"m",36,"driver",0,2
"1592","10-24",1,"none",1,"m",36,"driver",0,2
"13800","1-9km/h",1,"belted",1,"m",46,"driver",1,2
"14318","10-24",1,"belted",1,"f",33,"driver",1,3
"25968","40-54",1,"belted",1,"m",18,"pass",1,1
"2635","10-24",1,"belted",1,"m",18,"driver",0,3
"1196","10-24",1,"belted",1,"f",16,"driver",0,1
"21126","25-39",1,"belted",1,"f",19,"driver",0,0
"12116","10-24",1,"none",1,"m",37,"pass",0,2
"20263","25-39",1,"belted",1,"m",84,"driver",1,3
"18612","10-24",1,"belted",1,"m",47,"driver",1,0
"23542","10-24",1,"belted",0,"m",44,"driver",0,3
"8501","25-39",1,"belted",1,"m",37,"driver",0,1
"6028","10-24",1,"belted",1,"m",56,"driver",0,0
"880","55+",1,"none",1,"f",36,"driver",0,3
"9352","25-39",1,"none",1,"m",33,"driver",0,0
"23726","25-39",1,"belted",0,"m",34,"driver",0,1
"5628","1-9km/h",1,"belted",1,"f",37,"driver",0,0
"7935","1-9km/h",1,"none",1,"f",30,"driver",0,2
"1534","1-9km/h",1,"belted",0,"f",52,"driver",0,3
"5502","25-39",1,"belted",0,"f",39,"driver",0,3
"14395","10-24",1,"belted",1,"f",37,"driver",1,1
"2875","55+",1,"none",0,"f",22,"pass",0,3
"14785","25-39",1,"none",0,"f",68,"driver",0,3
"10977","25-39",1,"none",0,"f",25,"driver",0,3
"15298","25-39",1,"belted",1,"f",24,"driver",1,3
"24504","40-54",1,"none",1,"m",19,"driver",1,3
"16382","40-54",1,"belted",0,"f",16,"driver",1,1
"23048","10-24",1,"none",1,"f",35,"driver",1,1
"2846","25-39",1,"none",0,"f",40,"driver",0,3
"16552","40-54",1,"none",0,"f",46,"driver",1,3
"15011","1-9km/h",1,"belted",1,"m",27,"driver",0,0
"23445","10-24",1,"belted",1,"m",40,"pass",1,0
"10260","25-39",1,"belted",1,"f",49,"driver",1,3
"11125","25-39",1,"belted",1,"f",29,"driver",1,0
"1449","10-24",1,"none",0,"m",25,"driver",1,3
"5431","25-39",1,"none",1,"m",23,"pass",0,3
"10289","25-39",1,"belted",1,"f",51,"driver",0,3
"5843","10-24",1,"belted",1,"f",52,"driver",0,3
"10714","10-24",1,"belted",1,"m",24,"pass",0,0
"25733","25-39",1,"belted",0,"f",18,"pass",0,3
"25265","40-54",1,"belted",0,"f",19,"pass",0,3
"1893","10-24",1,"belted",0,"f",49,"driver",1,3
"21001","55+",1,"none",0,"m",20,"driver",0,1
"11952","10-24",1,"belted",1,"m",65,"pass",1,0
"15945","40-54",1,"belted",0,"f",69,"driver",1,3
"11873","25-39",1,"none",1,"m",24,"pass",0,0
"15359","10-24",1,"none",1,"m",20,"driver",0,3
"11459","25-39",1,"none",1,"m",20,"pass",0,0
"10174","10-24",1,"none",1,"m",22,"driver",0,3
"19459","40-54",1,"none",1,"f",41,"pass",1,3
"23052","25-39",1,"belted",1,"f",21,"driver",0,2
"2390","25-39",1,"none",1,"f",52,"pass",0,2
"5346","10-24",1,"belted",0,"m",85,"driver",0,0
"4749","10-24",1,"none",0,"f",51,"driver",0,0
"405","40-54",1,"none",1,"m",39,"driver",0,3
"20789","10-24",1,"none",1,"m",20,"driver",1,3
"1091","25-39",1,"belted",1,"f",22,"driver",0,3
"9854","25-39",1,"belted",1,"m",16,"pass",0,1
"482","40-54",1,"none",1,"m",22,"pass",0,3
"16368","10-24",1,"belted",1,"f",16,"driver",0,0
"19673","25-39",1,"belted",0,"f",37,"driver",1,3
"22558","10-24",1,"belted",1,"m",33,"driver",1,0
"11222","55+",1,"none",1,"m",34,"driver",1,3
"5077","10-24",1,"belted",0,"f",28,"driver",0,1
"9195","25-39",1,"belted",0,"f",52,"pass",0,3
"18763","10-24",1,"belted",1,"f",17,"pass",0,0
"16067","10-24",1,"belted",1,"m",26,"driver",1,3
"10524","25-39",1,"belted",1,"f",27,"pass",0,1
"6198","10-24",1,"belted",0,"f",48,"driver",0,2
"18985","25-39",1,"belted",1,"m",36,"driver",1,1
"3950","10-24",1,"belted",1,"f",24,"pass",0,0
"14927","10-24",1,"belted",1,"f",42,"driver",0,0
"1286","25-39",1,"belted",1,"m",65,"driver",0,2
"7711","10-24",1,"belted",0,"m",84,"driver",0,0
"2870","10-24",1,"none",1,"f",26,"driver",0,2
"25272","25-39",1,"belted",1,"m",76,"driver",1,2
"4024","10-24",1,"belted",0,"f",25,"driver",0,1
"12115","10-24",1,"none",1,"f",31,"driver",0,2
"15815","10-24",1,"belted",1,"m",25,"driver",0,1
"24442","10-24",1,"belted",0,"f",33,"pass",0,0
"17225","10-24",1,"belted",1,"m",33,"driver",1,3
"10247","10-24",1,"belted",1,"m",66,"driver",0,2
"1947","55+",1,"none",1,"m",27,"pass",0,1
"18840","25-39",1,"belted",1,"m",45,"driver",1,0
"6523","10-24",1,"none",1,"f",20,"driver",0,3
"2817","10-24",1,"belted",0,"m",48,"driver",1,3
"14829","25-39",1,"belted",0,"m",90,"driver",0,2
"23774","25-39",1,"belted",1,"f",51,"driver",1,3
"24212","10-24",1,"belted",0,"f",17,"driver",0,3
"25595","25-39",1,"belted",1,"m",19,"driver",1,0
"9837","10-24",1,"none",1,"f",16,"driver",0,3
"2021","25-39",1,"belted",0,"f",16,"driver",0,1
"23203","10-24",1,"belted",1,"m",31,"driver",1,0
"16398","10-24",1,"none",1,"m",21,"driver",0,0
"14033","10-24",1,"belted",1,"f",24,"pass",0,1
"7397","25-39",1,"belted",1,"f",19,"driver",0,3
"4211","25-39",1,"belted",0,"m",17,"driver",0,1
"19309","10-24",1,"belted",0,"m",21,"pass",0,1
"15065","10-24",1,"belted",1,"m",54,"driver",0,0
"24774","25-39",1,"belted",0,"m",19,"driver",0,0
"1696","25-39",1,"none",1,"f",72,"driver",0,3
"14939","10-24",1,"belted",1,"f",25,"driver",1,1
"7363","40-54",1,"none",1,"m",27,"driver",0,2
"19816","40-54",1,"belted",0,"f",21,"driver",1,3
"20597","10-24",1,"belted",1,"f",29,"driver",1,1
"14489","10-24",1,"belted",0,"f",16,"driver",0,1
"7823","10-24",1,"none",1,"f",22,"pass",1,3
"17514","10-24",1,"belted",1,"m",19,"driver",0,5
"20278","10-24",1,"belted",1,"f",55,"driver",1,3
"4993","40-54",1,"none",1,"f",39,"driver",1,3
"5901","10-24",1,"none",1,"m",33,"driver",0,1
"19493","10-24",1,"belted",0,"f",46,"driver",0,3
"18498","40-54",1,"belted",0,"f",63,"driver",1,3
"18008","25-39",1,"belted",1,"f",73,"pass",0,0
"2350","1-9km/h",1,"belted",0,"f",28,"pass",0,0
"7857","10-24",1,"belted",0,"m",85,"driver",0,3
"11143","10-24",1,"belted",0,"f",71,"driver",0,3
"23758","25-39",1,"none",1,"f",17,"pass",0,3
"24680","10-24",1,"belted",1,"m",46,"driver",1,0
"24880","25-39",1,"none",1,"m",22,"driver",0,1
"312","25-39",1,"belted",0,"m",70,"driver",0,1
"7027","40-54",1,"belted",0,"m",16,"driver",0,3
"18181","25-39",1,"none",0,"f",40,"driver",0,2
"7383","10-24",1,"none",1,"f",33,"driver",0,3
"16045","10-24",1,"belted",1,"m",55,"driver",1,3
"8790","10-24",1,"belted",1,"f",17,"pass",1,0
"15707","25-39",1,"belted",1,"f",22,"pass",1,2
"15408","25-39",1,"none",0,"m",20,"pass",1,2
"6775","10-24",1,"belted",1,"m",24,"driver",0,0
"3112","10-24",1,"none",1,"f",24,"pass",1,3
"21968","25-39",1,"belted",0,"m",50,"driver",1,1
"4010","10-24",1,"belted",1,"f",19,"driver",1,1
"22146","25-39",1,"belted",1,"m",38,"driver",0,0
"22206","10-24",1,"belted",1,"f",50,"driver",1,3
"22833","10-24",1,"belted",1,"f",21,"driver",0,0
"9408","25-39",1,"belted",1,"f",19,"driver",0,3
"23114","25-39",1,"belted",1,"f",17,"pass",0,3
"15613","25-39",1,"none",1,"m",46,"driver",0,3
"17049","10-24",1,"belted",1,"m",42,"driver",1,0
"24651","10-24",1,"belted",1,"m",50,"driver",0,0
"16501","10-24",1,"belted",0,"f",32,"driver",0,3
"3637","10-24",1,"belted",1,"m",19,"pass",0,2
"26038","25-39",1,"belted",1,"f",20,"driver",0,3
"25647","10-24",1,"none",1,"m",20,"pass",1,0
"11919","55+",1,"none",1,"m",44,"driver",0,3
"12666","10-24",1,"none",1,"m",19,"driver",0,1
"2141","10-24",1,"belted",1,"f",27,"driver",1,1
"22265","10-24",1,"belted",1,"m",45,"driver",1,3
"16520","10-24",1,"belted",1,"m",22,"pass",1,0
"21166","25-39",1,"belted",0,"f",33,"driver",1,0
"18352","10-24",1,"belted",0,"m",23,"driver",1,1
"25181","10-24",1,"belted",0,"f",82,"driver",0,1
"10176","25-39",1,"none",0,"m",38,"pass",0,3
"4287","25-39",1,"belted",0,"f",17,"driver",0,0
"21311","25-39",1,"none",1,"m",44,"driver",0,2
"1868","10-24",1,"belted",1,"m",24,"driver",1,3
"8950","10-24",1,"belted",1,"f",51,"driver",1,3
"15904","10-24",1,"belted",0,"f",50,"driver",0,0
"25247","25-39",1,"none",1,"m",24,"driver",1,1
"1611","25-39",1,"none",1,"f",18,"driver",0,1
"2919","40-54",1,"none",1,"m",50,"driver",0,3
"18251","10-24",1,"belted",1,"f",17,"pass",0,0
"23444","10-24",1,"belted",1,"m",42,"driver",1,3
"9625","10-24",1,"belted",1,"m",48,"driver",0,0
"26147","10-24",1,"belted",0,"f",42,"pass",0,2
"125","10-24",1,"belted",0,"m",42,"pass",0,0
"15826","25-39",1,"belted",1,"f",34,"driver",1,2
"5362","10-24",1,"belted",1,"m",38,"pass",0,2
"1910","10-24",1,"belted",1,"m",18,"driver",0,3
"14352","25-39",1,"belted",1,"f",50,"driver",1,2
"8859","40-54",1,"none",1,"m",26,"driver",0,2
"5286","10-24",1,"belted",1,"m",30,"driver",0,2
"11052","25-39",1,"none",1,"f",49,"driver",0,3
"9912","10-24",1,"none",1,"f",22,"driver",1,2
"19445","40-54",1,"belted",1,"m",32,"driver",0,3
"5355","10-24",1,"belted",1,"m",38,"driver",1,3
"19020","25-39",1,"belted",1,"f",19,"driver",1,3
"19509","10-24",1,"none",1,"f",29,"driver",0,2
"12797","10-24",1,"belted",1,"m",18,"driver",0,0
"25401","10-24",1,"belted",1,"f",25,"driver",0,0
"2813","40-54",1,"belted",0,"m",19,"driver",0,0
"2421","40-54",1,"belted",0,"f",59,"pass",0,1
"14093","25-39",1,"none",1,"f",27,"driver",0,3
"15664","55+",1,"none",1,"f",24,"driver",0,3
"7917","10-24",1,"belted",1,"m",38,"driver",0,0
"25071","25-39",1,"none",1,"m",23,"pass",1,3
"21966","25-39",1,"belted",1,"f",41,"driver",1,0
"23830","10-24",1,"belted",0,"m",60,"driver",0,2
"10856","40-54",1,"none",1,"m",29,"driver",0,3
"15115","40-54",1,"belted",0,"m",45,"driver",0,2
"5526","10-24",1,"belted",0,"m",39,"driver",0,0
"5515","40-54",1,"belted",0,"f",19,"pass",0,2
"2680","25-39",1,"none",1,"f",35,"driver",0,3
"6450","10-24",1,"belted",0,"f",71,"pass",0,3
"18851","40-54",1,"none",1,"m",37,"driver",1,3
"19390","10-24",1,"belted",0,"f",93,"pass",0,0
"9875","25-39",1,"belted",1,"f",47,"driver",0,0
"9038","10-24",1,"none",1,"m",53,"driver",0,0
"9026","25-39",1,"belted",0,"f",25,"driver",0,0
"5320","25-39",1,"belted",1,"m",31,"driver",0,2
"6176","25-39",1,"belted",1,"m",46,"driver",0,1
"1127","25-39",1,"belted",1,"f",29,"driver",1,3
"26155","40-54",1,"belted",1,"m",35,"driver",1,2
"2271","40-54",1,"belted",0,"m",43,"driver",1,3
"24883","10-24",1,"belted",0,"f",29,"driver",0,3
"15540","10-24",1,"belted",0,"f",80,"driver",0,3
"10867","55+",1,"none",1,"m",50,"pass",0,3
"21550","10-24",1,"belted",1,"f",17,"pass",0,0
"14837","10-24",1,"belted",1,"m",52,"pass",0,0
"24721","10-24",1,"belted",1,"m",44,"driver",1,2
"9411","40-54",1,"belted",1,"f",42,"driver",1,2
"9955","10-24",1,"belted",1,"f",75,"pass",0,0
"24346","10-24",1,"none",0,"m",30,"driver",1,3
"12151","25-39",1,"belted",1,"m",54,"driver",1,1
"8157","25-39",1,"none",1,"m",39,"driver",0,2
"19004","10-24",1,"belted",1,"f",23,"driver",1,2
"10985","25-39",1,"belted",1,"m",16,"driver",0,3
"25511","10-24",1,"none",0,"f",48,"driver",0,3
"24969","10-24",1,"none",0,"f",22,"driver",0,2
"22082","10-24",1,"none",1,"f",26,"driver",0,0
"24231","25-39",1,"none",1,"m",23,"driver",0,3
"18595","25-39",1,"belted",1,"f",21,"pass",0,3
"628","25-39",1,"none",0,"f",76,"driver",0,1
"21511","55+",1,"none",1,"m",24,"pass",0,3
"6856","40-54",1,"none",1,"m",47,"driver",0,3
"21588","10-24",1,"belted",0,"f",57,"pass",0,1
"17835","10-24",1,"belted",0,"f",18,"driver",0,1
"8093","25-39",1,"belted",1,"f",19,"pass",0,2
"10101","10-24",1,"belted",1,"f",16,"driver",0,1
"25769","10-24",1,"belted",1,"m",70,"driver",0,3
"22053","10-24",1,"belted",1,"f",25,"pass",1,0
"3908","25-39",1,"belted",1,"f",16,"driver",0,3
"10965","40-54",1,"none",0,"f",25,"driver",1,3
"12625","55+",1,"belted",0,"m",37,"pass",0,3
"15329","55+",1,"belted",1,"m",16,"driver",0,3
"23356","10-24",1,"belted",0,"f",66,"pass",0,1
"33","1-9km/h",1,"belted",1,"m",17,"pass",0,0
"14141","40-54",1,"none",1,"m",64,"driver",1,3
"19025","25-39",1,"belted",0,"m",49,"driver",0,3
"20907","25-39",1,"none",0,"m",58,"driver",0,0
"12946","25-39",1,"belted",1,"f",22,"driver",0,1
"14058","10-24",1,"belted",1,"m",17,"pass",0,0
"7580","25-39",1,"none",1,"f",19,"driver",0,3
"15215","10-24",1,"belted",0,"f",49,"pass",0,1
"12884","1-9km/h",1,"belted",0,"m",50,"driver",1,3
"22437","10-24",1,"belted",0,"f",69,"pass",1,3
"21102","10-24",1,"belted",1,"f",29,"driver",1,3
"1160","25-39",1,"belted",1,"m",16,"driver",1,0
"13286","10-24",1,"belted",1,"f",58,"pass",1,1
"3033","25-39",1,"none",1,"m",33,"driver",1,3
"21082","10-24",1,"none",0,"f",48,"pass",0,2
"23346","1-9km/h",1,"belted",0,"f",42,"driver",0,3
"14795","40-54",1,"belted",0,"m",28,"driver",1,3
"9537","40-54",1,"belted",1,"f",45,"driver",1,3
"16591","25-39",1,"belted",1,"m",17,"pass",1,3
"22727","10-24",1,"belted",0,"f",22,"driver",0,0
"19878","25-39",1,"none",1,"m",22,"pass",1,1
"21696","10-24",1,"belted",1,"f",26,"driver",0,0
"3539","10-24",1,"belted",1,"f",26,"driver",1,3
"12008","10-24",1,"belted",1,"f",19,"driver",0,2
"19999","10-24",1,"belted",1,"m",19,"pass",0,2
"13720","25-39",1,"belted",1,"m",26,"driver",1,2
"3142","10-24",1,"belted",0,"f",20,"driver",0,3
"20648","25-39",1,"none",1,"f",35,"driver",0,2
"20800","10-24",1,"belted",1,"f",24,"driver",0,0
"21086","25-39",1,"belted",1,"f",18,"driver",1,3
"17389","10-24",1,"belted",0,"f",38,"driver",0,0
"24423","10-24",1,"belted",1,"m",40,"pass",1,0
"5471","40-54",1,"none",1,"m",26,"driver",0,3
"9185","10-24",1,"belted",0,"f",29,"driver",0,3
"16474","1-9km/h",1,"belted",1,"m",42,"driver",0,3
"24456","10-24",1,"belted",1,"f",20,"driver",1,3
"4892","10-24",1,"belted",1,"f",72,"driver",1,3
"1530","10-24",1,"belted",1,"f",56,"pass",0,0
"5228","25-39",1,"none",1,"m",73,"driver",1,3
"5282","10-24",1,"none",1,"f",64,"pass",0,2
"2862","25-39",1,"belted",1,"m",33,"driver",1,1
"6309","25-39",1,"belted",1,"m",16,"pass",1,1
"24785","25-39",1,"belted",1,"m",17,"driver",1,2
"7793","10-24",1,"belted",1,"f",18,"pass",0,1
"19776","25-39",1,"belted",1,"f",40,"driver",1,3
"15742","10-24",1,"none",0,"m",28,"driver",0,1
"3656","10-24",1,"none",0,"m",39,"driver",0,2
"10208","10-24",1,"belted",0,"m",39,"driver",0,3
"25490","25-39",1,"none",1,"f",18,"pass",0,3
"5234","25-39",1,"belted",1,"m",38,"driver",1,3
"11176","25-39",1,"belted",1,"m",56,"pass",0,2
"3661","40-54",1,"none",1,"m",30,"driver",0,3
"11311","25-39",1,"none",1,"f",28,"driver",1,1
"19430","10-24",1,"none",1,"m",16,"driver",0,3
"13213","55+",1,"belted",1,"f",23,"driver",1,3
"12274","25-39",1,"belted",1,"f",46,"driver",1,3
"1655","1-9km/h",1,"none",1,"f",33,"pass",0,3
"1944","10-24",1,"belted",1,"f",20,"pass",0,0
"21748","10-24",1,"belted",1,"m",42,"driver",1,1
"10538","10-24",1,"belted",0,"f",34,"driver",0,0
"19474","10-24",1,"none",1,"m",20,"driver",1,2
"25700","40-54",1,"belted",1,"m",72,"driver",1,2
"11962","25-39",1,"none",1,"m",41,"pass",0,3
"7583","25-39",1,"belted",1,"f",48,"driver",1,3
"16961","10-24",1,"belted",0,"f",28,"pass",0,1
"287","10-24",1,"belted",0,"f",50,"driver",0,1
"18926","10-24",1,"belted",0,"m",29,"driver",0,2
"6129","40-54",1,"belted",0,"f",20,"driver",0,2
"13586","55+",1,"belted",1,"f",21,"driver",1,0
"21630","10-24",1,"belted",1,"m",29,"driver",0,3
"10295","10-24",1,"belted",1,"f",22,"pass",0,0
"4518","10-24",1,"belted",1,"m",40,"driver",1,0
"18922","25-39",1,"none",1,"m",33,"driver",0,3
"17816","10-24",1,"none",1,"f",18,"driver",1,1
"23999","40-54",1,"none",0,"f",18,"driver",1,3
"16823","10-24",1,"none",0,"m",29,"driver",0,3
"8205","1-9km/h",1,"belted",1,"m",39,"driver",0,1
"18222","10-24",1,"belted",1,"f",43,"driver",1,1
"13518","10-24",1,"none",1,"f",38,"pass",0,1
"20125","25-39",1,"belted",0,"m",25,"driver",0,2
"25420","10-24",1,"belted",1,"f",17,"driver",1,3
"17026","25-39",1,"none",1,"m",23,"driver",1,1
"3308","10-24",1,"belted",0,"f",38,"driver",0,0
"891","40-54",1,"belted",1,"m",49,"driver",1,3
"15729","10-24",1,"belted",1,"m",22,"driver",0,0
"5176","10-24",1,"belted",1,"f",42,"pass",0,0
"19266","25-39",1,"belted",1,"m",40,"driver",1,0
"22071","25-39",1,"belted",0,"m",33,"driver",0,5
"11857","40-54",1,"none",0,"f",21,"pass",0,1
"1263","10-24",1,"belted",1,"f",23,"pass",0,0
"22537","10-24",1,"none",0,"m",50,"driver",0,3
"3118","40-54",1,"none",0,"m",34,"pass",0,3
"10530","25-39",1,"belted",1,"f",73,"driver",0,2
"12856","10-24",1,"none",0,"m",33,"driver",0,3
"18226","25-39",1,"belted",1,"m",53,"driver",0,1
"25495","10-24",1,"belted",0,"f",43,"driver",0,1
"7182","40-54",1,"belted",0,"m",19,"pass",0,2
"13692","25-39",1,"belted",1,"f",45,"pass",1,2
"18290","10-24",1,"belted",0,"f",29,"driver",0,3
"24354","10-24",1,"none",1,"m",21,"driver",1,3
"18439","25-39",1,"belted",0,"m",37,"driver",0,1
"12915","10-24",1,"none",1,"f",31,"driver",0,2
"23173","10-24",1,"none",0,"m",47,"driver",0,2
"5366","25-39",1,"none",1,"m",25,"driver",1,1
"16592","10-24",1,"belted",0,"f",39,"driver",0,1
"19472","25-39",1,"belted",1,"f",42,"driver",1,3
"571","10-24",1,"none",1,"m",49,"driver",0,2
"22600","10-24",1,"belted",0,"f",36,"driver",0,2
"7869","25-39",1,"belted",0,"m",42,"driver",0,1
"18857","10-24",1,"belted",1,"m",17,"driver",0,0
"21007","25-39",1,"none",1,"m",16,"pass",1,2
"12697","25-39",1,"belted",0,"m",27,"driver",0,1
"8591","55+",1,"none",1,"m",25,"driver",1,1
"20235","10-24",1,"belted",0,"f",33,"driver",1,2
"2","10-24",1,"belted",1,"f",72,"driver",1,1
"10349","10-24",1,"belted",1,"m",29,"driver",0,0
"10266","10-24",1,"belted",1,"m",35,"driver",1,2
"19142","10-24",1,"belted",0,"m",22,"driver",0,0
"24383","25-39",1,"belted",1,"m",18,"driver",0,0
"23844","55+",1,"belted",1,"m",35,"driver",1,0
"25535","10-24",1,"belted",0,"m",42,"driver",0,1
"5867","25-39",1,"belted",1,"m",46,"driver",0,0
"13770","10-24",1,"belted",1,"m",21,"driver",0,3
"24055","10-24",1,"belted",1,"f",49,"driver",0,3
"1786","10-24",1,"belted",1,"m",25,"driver",0,0
"3039","10-24",1,"belted",1,"m",17,"driver",0,0
"1059","25-39",1,"none",0,"f",42,"driver",0,0
"23742","10-24",1,"belted",1,"m",37,"driver",1,0
"21912","25-39",1,"none",1,"f",46,"pass",1,5
"7581","25-39",1,"none",1,"f",21,"pass",0,3
"210","10-24",1,"none",1,"f",18,"pass",0,3
"6977","10-24",1,"belted",0,"m",40,"driver",0,1
"15060","10-24",1,"belted",0,"f",24,"driver",0,0
"19716","25-39",1,"belted",0,"f",20,"driver",0,3
"1762","1-9km/h",1,"belted",0,"f",16,"pass",0,0
"23109","10-24",1,"belted",1,"m",83,"driver",1,0
"23358","40-54",1,"belted",1,"f",19,"driver",1,3
"8813","25-39",1,"none",0,"f",22,"driver",0,3
"17310","10-24",1,"none",1,"f",20,"driver",1,1
"2908","10-24",1,"belted",0,"f",37,"pass",0,0
"2672","10-24",1,"belted",1,"f",50,"driver",0,1
"13499","10-24",1,"none",1,"f",19,"driver",0,2
"13563","10-24",1,"belted",1,"f",66,"driver",0,1
"22025","10-24",1,"belted",1,"f",69,"driver",1,0
"11408","10-24",1,"belted",1,"f",24,"driver",0,1
"23770","10-24",1,"belted",1,"m",49,"driver",0,1
"9604","25-39",1,"belted",1,"m",86,"driver",0,0
"2187","40-54",1,"belted",1,"m",19,"driver",1,3
"8459","10-24",1,"belted",1,"f",17,"driver",0,1
"21174","40-54",1,"belted",0,"m",28,"driver",0,3
"10782","10-24",1,"belted",1,"f",53,"driver",0,2
"1774","10-24",1,"belted",1,"m",42,"driver",0,0
"23460","10-24",1,"belted",0,"m",34,"driver",0,1
"4479","10-24",1,"belted",1,"f",31,"pass",0,2
"2116","25-39",1,"belted",0,"f",29,"pass",0,3
"8309","10-24",1,"belted",1,"f",47,"driver",0,1
"24353","10-24",1,"belted",1,"f",18,"driver",0,3
"22981","10-24",1,"belted",1,"f",20,"pass",0,1
"25617","40-54",1,"none",1,"f",17,"driver",1,3
"14139","10-24",1,"belted",0,"m",28,"driver",0,0
"7467","25-39",1,"none",1,"f",17,"driver",0,3
"1148","10-24",1,"belted",1,"m",27,"driver",1,0
"748","10-24",1,"belted",1,"m",23,"pass",0,3
"7484","10-24",1,"belted",1,"m",25,"driver",0,0
"8154","40-54",1,"none",0,"m",55,"driver",0,3
"13740","40-54",1,"belted",0,"m",18,"driver",1,2
"9855","25-39",1,"belted",1,"m",16,"driver",1,1
"22523","10-24",1,"belted",1,"m",59,"driver",0,0
"26204","10-24",1,"belted",1,"m",47,"driver",0,2
"17444","55+",1,"belted",0,"f",22,"driver",0,3
"25792","25-39",1,"none",0,"m",26,"driver",1,3
"14983","10-24",1,"none",0,"f",57,"driver",0,1
"12397","10-24",1,"belted",1,"m",72,"driver",0,3
"16351","25-39",1,"none",1,"f",20,"driver",1,0
"938","10-24",1,"belted",0,"f",22,"pass",1,3
"4463","40-54",1,"belted",0,"f",17,"driver",0,1
"4843","25-39",1,"belted",0,"f",19,"driver",1,3
"5535","10-24",1,"none",0,"m",28,"pass",0,0
"7280","40-54",1,"none",1,"f",16,"driver",1,3
"22615","10-24",1,"belted",1,"f",16,"driver",0,0
"13961","25-39",1,"none",1,"m",19,"pass",1,3
"11534","25-39",1,"none",0,"f",30,"pass",1,3
"13966","25-39",1,"belted",1,"m",51,"driver",0,3
"25727","40-54",1,"belted",1,"m",88,"driver",1,3
"25546","25-39",1,"none",1,"m",17,"pass",0,1
"12495","10-24",1,"belted",1,"m",40,"driver",0,0
"10281","10-24",1,"none",0,"f",41,"driver",0,1
"19393","10-24",1,"belted",0,"m",54,"driver",0,3
"22289","10-24",1,"belted",1,"m",55,"driver",1,0
"21638","25-39",1,"none",1,"m",41,"driver",1,3
"16528","40-54",1,"none",1,"f",18,"driver",0,3
"15615","10-24",1,"belted",0,"m",39,"driver",0,0
"4867","40-54",1,"belted",0,"f",30,"driver",0,1
"26211","10-24",1,"belted",1,"f",77,"pass",0,0
"4092","10-24",1,"belted",1,"f",37,"driver",1,2
"18823","40-54",1,"none",1,"f",16,"pass",0,2
"18986","40-54",1,"belted",0,"m",37,"driver",1,3
"11609","25-39",1,"belted",0,"f",19,"pass",0,1
"14176","10-24",1,"belted",1,"f",23,"driver",1,0
"18184","10-24",1,"belted",0,"f",29,"driver",0,1
"3897","10-24",1,"belted",1,"f",35,"pass",0,3
"7746","40-54",1,"belted",1,"m",48,"driver",0,3
"206","1-9km/h",1,"belted",0,"m",43,"driver",0,0
"22139","25-39",1,"belted",1,"f",75,"driver",1,0
"13883","25-39",1,"belted",1,"m",51,"driver",1,3
"15577","55+",1,"belted",1,"f",16,"driver",1,3
"9060","10-24",1,"belted",1,"f",21,"driver",0,1
"19422","25-39",1,"belted",0,"m",42,"driver",0,2
"7550","55+",1,"belted",1,"m",22,"driver",1,2
"12686","55+",1,"belted",1,"m",25,"driver",1,2
"12277","10-24",1,"belted",1,"m",79,"driver",0,1
"936","10-24",1,"belted",1,"f",38,"driver",1,1
"1415","10-24",1,"belted",0,"m",21,"driver",0,0
"17427","10-24",1,"belted",1,"m",35,"driver",1,2
"2681","10-24",1,"none",0,"m",66,"driver",0,1
"18159","25-39",1,"none",1,"m",49,"driver",1,3
"1876","40-54",1,"belted",0,"f",45,"driver",1,1
"8514","25-39",1,"belted",1,"f",57,"pass",1,1
"17758","10-24",1,"belted",1,"f",25,"driver",0,0
"15626","25-39",1,"belted",1,"m",38,"driver",0,0
"24441","10-24",1,"belted",0,"m",33,"driver",0,0
"4080","25-39",1,"belted",1,"f",50,"driver",1,0
"13267","40-54",1,"belted",0,"m",43,"driver",1,3
"16900","25-39",1,"none",1,"m",85,"driver",1,1
"8810","25-39",1,"belted",1,"f",38,"driver",0,1
"2873","10-24",1,"none",1,"m",57,"driver",0,3
"8667","40-54",1,"belted",0,"f",17,"driver",0,1
"2954","10-24",1,"belted",1,"f",29,"driver",1,1
"23183","10-24",1,"belted",1,"m",37,"driver",0,0
"23099","10-24",1,"belted",1,"m",34,"driver",0,1
"13906","25-39",1,"belted",0,"f",43,"driver",0,3
"6956","25-39",1,"belted",1,"m",27,"driver",1,1
"15685","25-39",1,"belted",1,"f",59,"driver",1,3
"8546","10-24",1,"belted",1,"f",54,"driver",0,0
"9223","10-24",1,"belted",0,"f",21,"driver",0,3
"14744","25-39",1,"belted",0,"m",48,"driver",0,3
"9256","25-39",1,"none",1,"f",63,"driver",1,2
"16859","25-39",1,"belted",0,"m",42,"driver",0,0
"6921","10-24",1,"none",1,"f",28,"driver",0,2
"23276","25-39",1,"belted",0,"f",44,"driver",0,1
"12550","10-24",1,"none",1,"m",64,"driver",0,3
"22531","25-39",1,"belted",0,"m",36,"driver",0,0
"19061","10-24",1,"belted",1,"f",36,"driver",0,1
"13011","10-24",1,"belted",0,"m",18,"driver",0,0
"605","10-24",1,"none",0,"f",79,"pass",0,3
"6237","10-24",1,"belted",1,"m",53,"driver",0,0
"22158","25-39",1,"belted",1,"f",38,"driver",1,3
"13489","10-24",1,"belted",1,"m",84,"driver",0,0
"8716","25-39",1,"belted",0,"f",83,"driver",1,3
"11418","25-39",1,"none",1,"m",19,"driver",0,2
"18381","40-54",1,"none",1,"m",38,"driver",1,2
"25081","1-9km/h",1,"none",1,"m",27,"pass",0,0
"1294","25-39",1,"none",1,"m",18,"driver",0,3
"384","10-24",1,"belted",1,"f",36,"driver",0,0
"17640","10-24",1,"belted",1,"m",27,"driver",0,0
"5206","10-24",1,"none",0,"m",17,"driver",1,1
"3342","10-24",1,"belted",0,"m",69,"driver",0,2
"6480","10-24",1,"belted",1,"m",18,"driver",0,0
"12264","25-39",1,"none",0,"f",53,"driver",0,1
"9250","25-39",1,"none",1,"f",79,"driver",1,3
"21362","10-24",1,"belted",0,"m",42,"driver",0,1
"19066","10-24",1,"belted",1,"m",54,"driver",0,0
"39","10-24",1,"belted",1,"f",64,"driver",0,2
"10904","40-54",1,"none",1,"m",21,"driver",0,3
"8302","10-24",1,"belted",1,"f",19,"driver",1,1
"10648","10-24",1,"belted",0,"f",24,"driver",0,3
"11477","10-24",1,"belted",1,"m",78,"driver",0,0
"13821","10-24",1,"belted",0,"f",59,"driver",0,3
"20828","25-39",1,"belted",1,"m",43,"driver",1,0
"24833","10-24",1,"belted",0,"f",21,"driver",0,0
"9547","10-24",1,"belted",1,"f",27,"driver",1,2
"12533","10-24",1,"belted",1,"f",28,"driver",1,2
"10124","25-39",1,"none",1,"m",19,"driver",0,1
"21969","10-24",1,"none",1,"m",34,"driver",1,0
"7421","25-39",1,"none",0,"m",17,"pass",0,3
"23234","40-54",1,"none",0,"m",38,"pass",0,2
"22320","55+",1,"belted",1,"m",36,"driver",0,3
"8290","25-39",1,"belted",1,"m",86,"driver",0,3
"17053","25-39",1,"belted",1,"m",71,"driver",0,3
"19084","25-39",1,"belted",1,"m",37,"driver",1,1
"709","10-24",1,"belted",0,"m",30,"driver",0,1
"19392","25-39",1,"belted",1,"m",51,"driver",0,0
"18410","10-24",1,"belted",0,"m",19,"driver",1,1
"8590","40-54",1,"none",0,"m",32,"pass",0,0
"12284","10-24",1,"belted",1,"f",17,"pass",1,3
"8922","10-24",1,"none",1,"m",23,"driver",0,3
"21199","55+",1,"belted",0,"m",16,"driver",0,2
"14934","25-39",1,"belted",0,"f",31,"driver",0,1
"12242","10-24",1,"belted",1,"m",70,"driver",1,3
"9554","10-24",1,"belted",1,"m",19,"driver",1,0
"5305","25-39",1,"belted",1,"m",49,"pass",0,3
"12731","25-39",1,"belted",0,"m",43,"driver",0,0
"4751","25-39",1,"none",1,"m",20,"driver",1,0
"8746","10-24",1,"belted",1,"f",17,"driver",0,0
"12303","10-24",1,"belted",1,"f",21,"driver",1,3
"17455","40-54",1,"none",1,"f",26,"driver",1,1
"6233","55+",1,"belted",1,"f",33,"driver",1,3
"19212","10-24",1,"belted",1,"m",65,"pass",0,0
"22157","25-39",1,"none",0,"m",61,"driver",0,1
"5452","40-54",1,"none",0,"f",42,"driver",0,3
"12365","25-39",1,"none",1,"f",49,"driver",0,3
"3071","25-39",1,"belted",1,"m",28,"driver",0,0
"6121","25-39",1,"belted",1,"m",18,"pass",1,2
"10115","10-24",1,"belted",0,"f",18,"driver",0,1
"1453","25-39",1,"belted",1,"m",42,"driver",0,3
"19107","10-24",1,"belted",1,"m",80,"driver",0,1
"9980","40-54",1,"belted",0,"f",17,"driver",0,3
"8756","10-24",1,"belted",0,"f",77,"driver",1,1
"10805","40-54",1,"none",0,"f",20,"driver",0,0
"22947","1-9km/h",1,"belted",0,"m",35,"driver",0,0
"18420","25-39",1,"belted",1,"m",31,"driver",0,1
"18860","40-54",1,"belted",1,"m",32,"driver",0,1
"21322","25-39",1,"belted",1,"m",27,"driver",1,3
"13853","10-24",1,"belted",0,"f",72,"driver",1,3
"13307","25-39",1,"belted",1,"f",88,"driver",1,3
"913","10-24",1,"belted",1,"m",47,"driver",1,3
"12391","25-39",1,"belted",0,"m",19,"driver",1,1
"25293","10-24",1,"belted",1,"f",49,"driver",1,2
"21847","25-39",1,"belted",1,"f",20,"driver",1,2
"358","25-39",1,"none",1,"f",20,"driver",1,1
"11191","25-39",1,"belted",1,"m",64,"driver",0,3
"14301","25-39",1,"none",1,"f",48,"pass",0,3
"2470","10-24",1,"belted",1,"f",26,"driver",1,3
"9734","25-39",1,"none",1,"f",17,"pass",0,1
"14966","40-54",1,"belted",1,"f",22,"driver",1,2
"24373","40-54",1,"belted",0,"m",22,"driver",1,3
"24062","10-24",1,"belted",0,"f",55,"pass",0,2
"22173","10-24",1,"belted",1,"f",24,"driver",0,0
"19395","40-54",1,"none",1,"f",28,"driver",0,3
"14788","40-54",1,"none",1,"m",20,"driver",1,2
"20502","55+",1,"none",1,"m",22,"driver",1,3
"21897","10-24",1,"none",1,"m",18,"driver",1,0
"1310","25-39",1,"none",1,"m",22,"driver",0,0
"20557","10-24",1,"belted",0,"f",64,"driver",0,0
"7911","25-39",1,"belted",0,"f",73,"driver",0,3
"23327","10-24",1,"belted",1,"f",82,"driver",0,3
"4947","10-24",1,"belted",1,"m",31,"pass",1,0
"23630","10-24",1,"belted",1,"f",49,"driver",0,1
"6843","1-9km/h",1,"none",0,"m",27,"pass",0,3
"4685","40-54",1,"none",1,"f",85,"driver",0,3
"10460","25-39",1,"belted",1,"f",29,"driver",0,3
"11265","10-24",1,"belted",0,"f",28,"driver",0,1
"6162","40-54",1,"none",0,"m",20,"driver",0,3
"23252","25-39",1,"belted",1,"m",38,"driver",1,0
"2511","10-24",1,"none",1,"f",18,"driver",1,3
"17598","25-39",1,"belted",1,"f",20,"pass",0,2
"3792","10-24",1,"belted",0,"m",30,"driver",1,0
"5040","10-24",1,"belted",0,"m",60,"driver",0,0
"8167","25-39",1,"belted",0,"m",55,"driver",0,1
"483","55+",1,"none",0,"m",24,"driver",0,3
"15303","25-39",1,"none",1,"m",24,"driver",1,3
"22503","10-24",1,"belted",1,"m",62,"driver",1,3
"7447","25-39",1,"none",1,"f",16,"driver",0,3
"12616","10-24",1,"none",1,"m",18,"driver",0,1
"3690","40-54",1,"belted",1,"f",20,"pass",1,1
"25090","1-9km/h",1,"none",0,"m",17,"driver",0,2
"4139","40-54",1,"belted",1,"f",20,"driver",1,1
"21319","55+",1,"belted",0,"f",46,"driver",0,3
"20487","25-39",1,"belted",0,"m",22,"driver",1,1
"14637","10-24",1,"belted",1,"m",80,"driver",0,3
"12953","10-24",1,"belted",1,"m",18,"pass",1,0
"8213","10-24",1,"belted",1,"f",20,"driver",0,2
"17207","10-24",1,"belted",0,"f",66,"driver",0,1
"4648","10-24",1,"belted",1,"f",19,"driver",0,1
"9176","25-39",1,"belted",0,"m",18,"pass",0,1
"12599","10-24",1,"belted",1,"m",30,"driver",1,1
"20390","25-39",1,"belted",0,"f",63,"driver",0,3
"12803","25-39",1,"belted",1,"f",45,"driver",0,3
"12720","10-24",1,"belted",1,"m",16,"driver",0,2
"23429","10-24",1,"none",0,"m",20,"driver",0,0
"19906","10-24",1,"belted",0,"f",39,"pass",0,1
"8147","10-24",1,"belted",0,"m",20,"driver",0,1
"22895","25-39",1,"belted",1,"m",78,"driver",1,4
"18364","10-24",1,"belted",0,"m",24,"pass",0,1
"22803","10-24",1,"belted",1,"m",50,"driver",1,1
"23764","10-24",1,"belted",1,"m",42,"driver",0,0
"25202","25-39",1,"belted",1,"m",20,"driver",0,3
"16153","10-24",1,"belted",0,"m",33,"driver",0,1
"25266","25-39",1,"none",1,"f",39,"driver",1,2
"20514","10-24",1,"belted",1,"m",44,"driver",1,0
"21070","10-24",1,"none",1,"f",34,"driver",1,3
"3466","10-24",1,"none",1,"m",21,"driver",1,1
"23220","10-24",1,"belted",1,"m",45,"driver",0,2
"4250","10-24",1,"belted",1,"f",74,"driver",0,1
"5958","25-39",1,"none",0,"m",27,"driver",1,2
"5895","55+",1,"belted",0,"m",65,"pass",0,3
"64","25-39",1,"none",0,"f",78,"driver",0,3
"14913","10-24",1,"belted",0,"m",24,"pass",0,0
"14508","10-24",1,"belted",1,"f",33,"driver",1,0
"17433","10-24",1,"belted",1,"f",54,"pass",1,1
"17300","1-9km/h",1,"belted",1,"m",23,"driver",0,0
"4730","10-24",1,"none",0,"m",18,"driver",0,0
"11369","25-39",1,"none",0,"f",25,"pass",0,0
"18148","10-24",1,"belted",0,"m",21,"driver",0,3
"23399","10-24",1,"belted",1,"f",41,"driver",1,3
"3865","10-24",1,"none",1,"f",43,"driver",1,1
"21398","55+",1,"belted",1,"m",44,"driver",1,3
"24878","10-24",1,"belted",1,"m",20,"driver",0,0
"17304","10-24",1,"belted",1,"m",49,"driver",0,3
"2622","10-24",1,"belted",1,"m",21,"driver",0,0
"21726","25-39",1,"belted",0,"f",42,"pass",0,3
"9739","10-24",1,"none",1,"f",43,"driver",1,2
"512","1-9km/h",1,"belted",0,"m",37,"driver",0,2
"4829","25-39",1,"belted",1,"m",27,"pass",1,3
"23852","25-39",1,"belted",1,"m",23,"driver",1,2
"5035","25-39",1,"belted",0,"m",17,"driver",0,3
"17937","25-39",1,"none",1,"f",35,"driver",1,0
"22372","10-24",1,"belted",1,"f",39,"pass",1,2
"24384","25-39",1,"belted",0,"f",21,"driver",0,3
"4660","1-9km/h",1,"belted",0,"f",29,"pass",0,0
"2435","10-24",1,"belted",1,"m",21,"pass",0,0
"5529","25-39",1,"belted",1,"m",22,"driver",0,2
"1106","10-24",1,"belted",1,"m",17,"driver",0,0
"8111","55+",1,"belted",0,"f",35,"driver",0,1
"5062","10-24",1,"belted",1,"m",57,"driver",1,1
"3755","25-39",1,"none",0,"m",16,"pass",0,0
"4404","10-24",1,"belted",0,"f",85,"driver",1,1
"17749","10-24",1,"none",1,"m",48,"driver",0,1
"12440","10-24",1,"belted",0,"m",62,"driver",0,1
"2007","10-24",1,"belted",1,"m",16,"driver",0,0
"23424","10-24",1,"belted",1,"f",30,"driver",1,1
"254","10-24",1,"belted",1,"f",74,"driver",0,0
"2278","40-54",1,"belted",0,"f",25,"driver",1,3
"3925","10-24",1,"belted",1,"f",32,"driver",1,3
"9751","10-24",1,"none",1,"f",27,"driver",0,0
"8516","10-24",1,"belted",1,"m",18,"driver",0,0
"10808","25-39",1,"belted",1,"m",16,"pass",0,3
"12280","10-24",1,"belted",0,"f",39,"driver",0,3
"5534","10-24",1,"none",0,"m",38,"driver",0,3
"8918","10-24",1,"none",0,"m",31,"driver",0,1
"9438","25-39",1,"belted",0,"m",40,"driver",0,3
"18079","1-9km/h",1,"belted",0,"m",25,"driver",0,0
"20267","10-24",1,"belted",1,"m",39,"driver",0,0
"24882","40-54",1,"none",1,"f",34,"driver",0,0
"17409","10-24",1,"belted",1,"f",40,"driver",1,2
"4811","10-24",1,"belted",1,"f",36,"driver",1,3
"26181","10-24",1,"belted",1,"f",52,"driver",1,1
"11656","10-24",1,"belted",1,"m",18,"driver",0,0
"3345","25-39",1,"belted",1,"f",28,"driver",0,0
"17567","10-24",1,"belted",1,"m",17,"pass",0,0
"4501","10-24",1,"none",1,"m",18,"driver",0,0
"22809","10-24",1,"belted",0,"m",29,"driver",0,0
"16992","55+",1,"none",1,"m",21,"driver",1,3
"5597","10-24",1,"belted",1,"f",67,"driver",0,1
"12608","25-39",1,"belted",1,"m",17,"pass",0,2
"6946","40-54",1,"none",1,"f",21,"driver",0,3
"4562","10-24",1,"belted",0,"m",56,"driver",0,0
"5051","25-39",1,"none",1,"f",27,"driver",1,3
"756","10-24",1,"belted",1,"m",26,"pass",0,1
"22926","10-24",1,"belted",1,"f",18,"driver",0,3
"14526","55+",1,"belted",1,"f",58,"driver",0,3
"11740","10-24",1,"belted",1,"f",38,"driver",1,1
"24419","10-24",1,"belted",0,"f",80,"pass",1,3
"3733","10-24",1,"none",1,"m",19,"driver",0,1
"11502","10-24",1,"belted",1,"m",60,"driver",0,0
"11318","55+",1,"none",1,"m",24,"pass",1,0
"20483","10-24",1,"belted",1,"f",42,"pass",0,1
"12043","10-24",1,"belted",1,"f",67,"driver",1,2
"21056","25-39",1,"none",1,"m",24,"driver",1,2
"6747","25-39",1,"none",1,"f",31,"pass",0,3
"8439","55+",1,"belted",1,"m",17,"driver",0,3
"2879","40-54",1,"none",1,"m",28,"pass",0,3
"5900","25-39",1,"belted",0,"f",23,"driver",0,1
"25219","25-39",1,"none",1,"f",51,"driver",1,3
"11748","10-24",1,"belted",1,"m",26,"driver",0,0
"20761","10-24",1,"none",1,"m",35,"driver",0,2
"18173","10-24",1,"belted",0,"f",21,"pass",0,2
"4740","1-9km/h",1,"belted",0,"f",28,"driver",0,1
"7990","25-39",1,"none",1,"m",60,"driver",1,3
"23551","25-39",1,"belted",1,"m",18,"pass",0,0
"20611","10-24",1,"belted",0,"m",18,"driver",0,3
"11231","55+",1,"belted",1,"m",26,"driver",0,3
"17224","25-39",1,"belted",1,"f",39,"pass",0,0
"826","25-39",1,"belted",1,"m",78,"driver",1,2
"21378","10-24",1,"belted",1,"f",77,"pass",1,1
"13730","10-24",1,"belted",1,"m",39,"driver",1,4
"25060","25-39",1,"none",0,"m",19,"pass",0,1
"20600","25-39",1,"belted",0,"f",32,"pass",1,2
"6503","25-39",1,"belted",1,"f",23,"driver",0,0
"21626","10-24",1,"belted",1,"f",38,"driver",0,0
"10909","25-39",1,"none",0,"m",82,"driver",0,3
"24818","25-39",1,"belted",1,"m",64,"driver",0,0
"11492","10-24",1,"belted",0,"f",35,"driver",0,1
"13767","25-39",1,"belted",1,"m",33,"driver",1,2
"8970","10-24",1,"belted",1,"m",43,"driver",1,1
"23901","10-24",1,"belted",0,"m",18,"driver",0,0
"22919","10-24",1,"belted",0,"f",58,"driver",0,0
"25082","25-39",1,"belted",1,"m",37,"driver",1,0
"17293","10-24",1,"none",1,"m",32,"driver",0,0
"10056","10-24",1,"belted",1,"m",16,"driver",1,0
"15382","25-39",1,"belted",0,"m",60,"driver",0,2
"4223","25-39",1,"none",1,"m",82,"driver",0,2
"22444","25-39",1,"belted",1,"f",24,"driver",1,1
"23320","10-24",1,"none",0,"f",43,"driver",1,2
"19340","10-24",1,"none",1,"f",19,"driver",0,3
"21576","10-24",1,"belted",0,"m",28,"driver",1,0
"9692","10-24",1,"belted",0,"m",35,"driver",0,0
"24210","10-24",1,"none",1,"m",52,"driver",1,3
"14387","25-39",1,"belted",0,"m",24,"driver",0,1
"13195","25-39",1,"belted",0,"m",86,"driver",0,1
"1634","10-24",1,"belted",1,"m",87,"driver",0,1
"24840","25-39",1,"belted",1,"f",42,"driver",1,1
"14471","10-24",1,"belted",1,"f",33,"driver",0,0
"4331","40-54",1,"belted",0,"f",17,"driver",0,3
"10716","25-39",1,"belted",1,"m",71,"driver",0,2
"11173","25-39",1,"none",1,"m",53,"pass",1,3
"17131","10-24",1,"none",1,"f",21,"driver",1,3
"25024","10-24",1,"belted",0,"m",55,"driver",0,0
"8364","1-9km/h",1,"belted",0,"m",29,"driver",0,2
"12947","25-39",1,"belted",1,"f",20,"pass",0,1
"23496","25-39",1,"belted",1,"f",35,"pass",1,3
"24869","10-24",1,"belted",1,"f",35,"driver",1,1
"21840","10-24",1,"belted",0,"f",40,"driver",0,2
"14407","40-54",1,"none",1,"f",18,"pass",0,1
"6799","25-39",1,"belted",0,"m",38,"driver",0,3
"19601","10-24",1,"belted",1,"m",56,"driver",0,5
"3543","1-9km/h",1,"belted",1,"m",18,"driver",0,0
"25596","10-24",1,"belted",0,"f",17,"driver",0,3
"16000","10-24",1,"belted",1,"f",82,"driver",0,0
"24","10-24",1,"none",0,"m",36,"pass",0,1
"6530","25-39",1,"belted",1,"m",20,"driver",0,3
"8169","25-39",1,"belted",1,"f",28,"pass",0,1
"6668","10-24",1,"belted",0,"f",41,"pass",0,2
"21312","25-39",1,"none",0,"m",23,"driver",0,2
"25319","40-54",1,"none",1,"f",20,"driver",1,2
"1850","25-39",1,"none",1,"m",43,"driver",1,1
"17751","10-24",1,"belted",0,"m",79,"pass",0,1
"11532","25-39",1,"belted",1,"m",24,"driver",1,1
"23241","10-24",1,"belted",0,"m",21,"pass",0,1
"2259","55+",1,"none",1,"m",61,"driver",0,3
"22152","25-39",1,"belted",1,"m",87,"driver",1,2
"275","25-39",1,"belted",0,"f",17,"driver",0,3
"8320","40-54",1,"none",1,"f",30,"driver",1,2
"21318","10-24",1,"belted",1,"f",28,"driver",0,1
"24252","10-24",1,"none",0,"f",36,"driver",0,0
"1665","10-24",1,"belted",0,"m",17,"pass",0,3
"13446","25-39",1,"belted",1,"m",49,"driver",0,1
"1787","10-24",1,"belted",1,"f",21,"pass",0,0
"21769","10-24",1,"belted",1,"m",22,"driver",0,0
"19753","25-39",1,"belted",0,"f",19,"driver",1,3
"23172","10-24",1,"belted",0,"m",17,"driver",1,2
"7427","10-24",1,"belted",0,"f",28,"driver",0,0
"23308","25-39",1,"belted",0,"f",36,"driver",1,3
"4417","25-39",1,"none",1,"m",42,"pass",0,1
"8522","10-24",1,"none",0,"f",29,"driver",1,2
"19967","10-24",1,"none",0,"m",26,"driver",0,3
"11585","10-24",1,"belted",1,"f",31,"driver",1,2
"12097","10-24",1,"belted",0,"m",37,"driver",1,3
"7981","10-24",1,"belted",1,"f",18,"driver",0,0
"4063","10-24",1,"belted",1,"m",76,"driver",0,0
"23506","25-39",1,"belted",1,"m",29,"pass",0,0
"14292","25-39",1,"belted",1,"m",52,"driver",1,2
"25278","10-24",1,"belted",1,"m",26,"driver",1,0
"6207","10-24",1,"belted",1,"m",21,"driver",0,0
"7000","10-24",1,"none",1,"m",23,"pass",0,0
"10560","25-39",1,"belted",0,"f",16,"driver",0,2
"3029","25-39",1,"none",0,"f",21,"driver",0,1
"15734","25-39",1,"belted",0,"f",38,"driver",0,3
"4155","25-39",1,"belted",1,"f",26,"driver",0,1
"22875","10-24",1,"belted",1,"f",19,"pass",0,1
"22671","10-24",1,"belted",0,"f",25,"driver",0,0
"20167","10-24",1,"belted",0,"m",56,"driver",0,3
"5689","1-9km/h",1,"none",1,"m",16,"pass",0,2
"19350","25-39",1,"belted",1,"m",64,"driver",1,1
"20801","10-24",1,"belted",0,"f",76,"driver",0,1
"18333","25-39",1,"belted",0,"m",30,"pass",0,3
"4323","10-24",1,"belted",0,"m",44,"driver",0,1
"9490","10-24",1,"none",1,"m",25,"driver",0,0
"5230","10-24",1,"none",1,"f",26,"driver",1,0
"17814","10-24",1,"belted",1,"f",38,"driver",0,3
"23675","25-39",1,"belted",1,"f",35,"driver",0,1
"3772","10-24",1,"belted",0,"f",42,"driver",0,1
"15473","40-54",1,"none",0,"m",22,"driver",0,3
"7402","10-24",1,"belted",0,"f",55,"driver",0,0
"24858","55+",1,"none",1,"m",39,"driver",0,3
"8242","25-39",1,"belted",1,"f",18,"driver",1,2
"17796","25-39",1,"none",1,"m",18,"pass",0,2
"21960","10-24",1,"none",1,"f",44,"pass",0,1
"21895","25-39",1,"none",0,"f",24,"pass",0,1
"11016","10-24",1,"belted",1,"f",19,"driver",1,3
"17790","10-24",1,"none",1,"m",32,"driver",1,2
"9938","10-24",1,"belted",0,"f",26,"driver",0,1
"16722","10-24",1,"none",1,"m",29,"driver",0,0
"380","25-39",1,"belted",0,"m",62,"driver",1,3
"2334","40-54",1,"belted",1,"m",87,"driver",0,2
"26028","25-39",1,"belted",1,"m",20,"driver",0,1
"14302","10-24",1,"belted",0,"m",36,"driver",0,0
"14841","25-39",1,"belted",1,"m",20,"driver",0,1
"15844","10-24",1,"none",0,"f",97,"driver",0,5
"6857","25-39",1,"none",1,"m",34,"driver",0,3
"7810","25-39",1,"none",1,"f",49,"driver",0,2
"4244","25-39",1,"belted",1,"m",71,"driver",1,1
"4194","10-24",1,"belted",0,"m",37,"driver",0,1
"22432","55+",1,"none",0,"m",41,"pass",1,3
"2805","25-39",1,"belted",1,"f",22,"driver",1,2
"11171","10-24",1,"belted",1,"f",41,"driver",0,2
"23690","40-54",1,"belted",1,"m",27,"driver",0,2
"15704","40-54",1,"belted",1,"m",52,"driver",1,3
"15454","10-24",1,"belted",0,"m",20,"pass",0,0
"15971","10-24",1,"none",0,"m",18,"pass",0,3
"21885","10-24",1,"none",0,"m",45,"driver",0,2
"18701","10-24",1,"belted",0,"f",36,"driver",0,1
"23404","10-24",1,"belted",0,"m",43,"pass",0,2
"25333","40-54",1,"belted",1,"m",66,"driver",1,2
"10331","10-24",1,"belted",1,"f",65,"pass",0,1
"8655","10-24",1,"none",0,"m",35,"pass",0,1
"7043","10-24",1,"belted",0,"f",22,"driver",1,0
"13138","10-24",1,"belted",0,"f",17,"driver",0,0
"15097","10-24",1,"belted",0,"f",48,"pass",0,2
"21482","25-39",1,"belted",1,"m",18,"driver",0,5
"3421","10-24",1,"none",1,"f",21,"driver",0,1
"14099","40-54",1,"belted",0,"m",58,"driver",0,0
"1191","40-54",1,"belted",1,"m",19,"driver",0,1
"5791","10-24",1,"belted",1,"f",23,"driver",1,0
"12975","25-39",1,"belted",0,"f",36,"driver",0,1
"7384","25-39",1,"belted",1,"m",26,"driver",0,2
"6679","10-24",1,"none",1,"f",17,"pass",0,1
"26033","10-24",1,"belted",1,"f",18,"pass",0,1
"1261","10-24",1,"belted",0,"f",64,"driver",0,0
"1368","10-24",1,"belted",0,"f",47,"driver",0,1
"21920","10-24",1,"none",1,"m",34,"pass",0,1
"15715","10-24",1,"belted",1,"f",26,"pass",0,0
"869","10-24",1,"belted",0,"f",32,"driver",0,3
"5986","10-24",1,"belted",1,"m",53,"driver",0,1
"25701","40-54",1,"belted",1,"f",77,"pass",1,3
"19947","25-39",1,"belted",0,"m",80,"driver",1,2
"8759","25-39",1,"none",1,"f",19,"driver",1,1
"3684","25-39",1,"belted",1,"f",27,"driver",0,1
"8214","10-24",1,"belted",1,"m",78,"driver",0,2
"10337","25-39",1,"belted",1,"f",24,"driver",0,3
"1798","25-39",1,"none",1,"m",19,"driver",0,3
"18199","10-24",1,"none",1,"m",46,"driver",0,3
"10112","25-39",1,"belted",0,"f",19,"driver",0,2
"16894","25-39",1,"belted",0,"f",20,"pass",0,2
"11625","10-24",1,"belted",0,"m",32,"driver",0,0
"12081","25-39",1,"belted",1,"f",17,"driver",0,3
"23885","10-24",1,"belted",0,"f",46,"driver",0,2
"4261","10-24",1,"belted",1,"m",17,"driver",0,2
"19799","10-24",1,"none",0,"m",20,"driver",0,3
"12066","10-24",1,"belted",1,"m",21,"pass",0,0
"12227","25-39",1,"none",0,"f",85,"pass",0,2
"3721","10-24",1,"belted",0,"m",42,"driver",0,1
"3160","40-54",1,"belted",1,"f",17,"driver",1,1
"21428","25-39",1,"none",1,"m",30,"pass",1,3
"20358","10-24",1,"belted",1,"m",58,"driver",0,1
"15381","10-24",1,"none",0,"m",29,"driver",0,3
"6661","25-39",1,"belted",1,"m",23,"driver",1,2
"11641","10-24",1,"belted",1,"f",58,"driver",1,2
"7253","10-24",1,"belted",0,"f",27,"driver",1,2
"6221","10-24",1,"belted",0,"f",33,"driver",0,1
"2534","10-24",1,"belted",1,"f",26,"driver",1,1
"1445","10-24",1,"belted",1,"f",16,"driver",0,1
"11244","10-24",1,"belted",0,"f",45,"driver",0,2
"2110","10-24",1,"belted",0,"m",24,"pass",0,0
"8671","25-39",1,"belted",0,"m",38,"driver",0,1
"8304","10-24",1,"belted",1,"m",16,"driver",0,2
"24369","10-24",1,"belted",1,"m",21,"pass",1,3
"19355","25-39",1,"none",1,"m",31,"driver",0,3
"8360","10-24",1,"belted",0,"f",57,"pass",1,3
"25539","10-24",1,"none",1,"m",47,"driver",1,3
"9027","10-24",1,"none",1,"f",39,"driver",0,0
"15030","25-39",1,"belted",1,"f",22,"pass",1,1
"4646","10-24",1,"belted",0,"f",42,"driver",0,1
"16324","25-39",1,"belted",1,"f",41,"driver",1,2
"21290","25-39",1,"none",1,"m",52,"driver",0,3
"17787","10-24",1,"belted",1,"f",33,"driver",0,0
"23304","10-24",1,"none",1,"f",64,"pass",0,3
"23705","25-39",1,"belted",1,"m",34,"driver",0,1
"25909","40-54",1,"belted",1,"f",18,"driver",0,3
"10271","25-39",1,"none",1,"f",17,"pass",0,3
"13149","10-24",1,"none",1,"f",26,"driver",1,1
"1456","10-24",1,"belted",1,"f",34,"driver",1,1
"18146","25-39",1,"belted",0,"f",39,"driver",0,3
"10839","25-39",1,"none",1,"f",21,"driver",0,1
"12814","10-24",1,"belted",0,"m",67,"pass",0,2
"6075","55+",1,"belted",1,"f",18,"driver",0,3
"23450","25-39",1,"none",1,"f",30,"driver",1,3
"9137","10-24",1,"belted",1,"m",50,"driver",0,0
"10358","25-39",1,"belted",1,"m",21,"driver",1,0
"18449","25-39",1,"belted",1,"f",18,"driver",0,2
"7954","10-24",1,"belted",1,"f",46,"driver",0,0
"15187","10-24",1,"belted",0,"f",42,"driver",0,0
"25660","10-24",1,"belted",0,"m",38,"driver",0,0
"17182","25-39",1,"belted",0,"f",21,"driver",0,3
"1251","10-24",1,"belted",0,"m",27,"driver",0,0
"23598","1-9km/h",1,"belted",0,"m",18,"driver",0,0
"25188","25-39",1,"belted",1,"f",18,"driver",1,0
"4759","25-39",1,"belted",1,"f",19,"driver",1,0
"6021","10-24",1,"belted",1,"m",51,"driver",0,0
"14920","10-24",1,"belted",0,"f",32,"driver",0,1
"14632","25-39",1,"belted",1,"m",33,"driver",0,3
"576","25-39",1,"belted",1,"m",37,"driver",1,3
"11554","10-24",1,"belted",0,"m",28,"driver",0,2
"7124","25-39",1,"belted",1,"f",82,"pass",0,3
"19178","25-39",1,"belted",1,"m",22,"driver",1,2
"1348","10-24",1,"belted",1,"m",64,"driver",0,2
"8344","25-39",1,"belted",1,"f",23,"driver",0,3
"1404","10-24",1,"belted",0,"m",54,"driver",0,2
"17171","55+",1,"none",1,"f",54,"driver",1,3
"9447","40-54",1,"belted",1,"m",16,"driver",0,3
"4726","25-39",1,"belted",0,"m",28,"driver",0,0
"3698","25-39",1,"belted",1,"m",24,"driver",0,3
"16753","10-24",1,"none",1,"f",25,"driver",1,1
"5104","25-39",1,"belted",0,"f",33,"driver",0,1
"22845","25-39",1,"belted",1,"f",46,"pass",1,0
"18134","25-39",1,"belted",1,"f",35,"driver",1,1
"13453","25-39",1,"none",0,"f",25,"pass",0,0
"4364","25-39",1,"belted",0,"f",48,"driver",0,1
"11776","40-54",1,"belted",0,"f",40,"pass",0,1
"24588","25-39",1,"belted",1,"m",39,"driver",1,1
"5243","10-24",1,"belted",1,"m",25,"driver",1,2
"21650","25-39",1,"belted",0,"m",19,"driver",0,0
"24652","10-24",1,"belted",1,"f",52,"pass",0,1
"22941","25-39",1,"belted",1,"m",86,"driver",0,0
"8369","10-24",1,"belted",1,"m",19,"driver",0,0
"23668","25-39",1,"belted",1,"m",65,"driver",1,0
"22473","10-24",1,"belted",1,"f",25,"driver",1,0
"12488","10-24",1,"belted",1,"m",35,"driver",0,0
"6779","40-54",1,"none",1,"f",74,"driver",0,3
"25394","25-39",1,"belted",1,"f",17,"pass",0,3
"4048","25-39",1,"belted",1,"m",44,"driver",0,1
"11131","10-24",1,"none",1,"m",33,"pass",0,0
"10182","10-24",1,"none",0,"m",38,"driver",0,3
"17094","25-39",1,"none",1,"m",47,"driver",0,3
"9215","25-39",1,"belted",1,"f",50,"driver",1,3
"4470","25-39",1,"belted",1,"m",25,"driver",1,1
"2588","25-39",1,"none",1,"m",21,"driver",0,3
"2493","25-39",1,"none",0,"m",27,"pass",0,1
"15825","25-39",1,"belted",0,"f",17,"pass",0,3
"8017","25-39",1,"belted",1,"f",37,"driver",1,2
"6495","25-39",1,"belted",1,"m",41,"pass",0,0
"6632","10-24",1,"belted",0,"m",21,"driver",0,3
"15886","25-39",1,"none",1,"m",30,"pass",0,0
"14825","10-24",1,"belted",1,"f",49,"driver",0,2
"22254","40-54",1,"belted",1,"f",67,"driver",1,3
"4204","10-24",1,"belted",1,"m",17,"driver",0,0
"14473","10-24",1,"none",0,"f",18,"driver",0,1
"22520","25-39",1,"belted",0,"f",43,"driver",1,3
"6424","1-9km/h",1,"belted",1,"m",70,"driver",1,3
"11511","25-39",1,"belted",0,"m",61,"pass",1,2
"4232","25-39",1,"belted",1,"f",60,"driver",1,3
"3157","10-24",1,"none",1,"m",22,"driver",0,0
"3301","10-24",1,"belted",1,"m",34,"driver",1,1
"25502","10-24",1,"belted",0,"f",45,"driver",1,3
"22710","10-24",1,"belted",1,"m",34,"driver",0,0
"4053","40-54",1,"belted",0,"m",34,"driver",0,3
"6766","10-24",1,"none",1,"f",25,"driver",1,3
"15929","40-54",1,"belted",0,"f",56,"driver",0,3
"7203","10-24",1,"belted",1,"m",60,"driver",1,0
"4482","25-39",1,"belted",0,"m",60,"driver",0,0
"13338","40-54",1,"belted",1,"f",31,"driver",1,2
"4236","25-39",1,"none",1,"m",42,"pass",1,3
"2302","25-39",1,"belted",1,"m",30,"pass",0,0
"17299","1-9km/h",1,"belted",1,"f",18,"pass",0,3
"23415","10-24",1,"belted",0,"f",20,"driver",0,0
"15696","40-54",1,"belted",1,"m",28,"driver",1,3
"21353","25-39",1,"none",1,"m",22,"driver",0,3
"25457","10-24",1,"belted",0,"m",21,"driver",0,0
"19410","10-24",1,"belted",0,"f",49,"driver",0,3
"25870","10-24",1,"belted",1,"m",29,"driver",0,0
"21357","25-39",1,"belted",1,"m",25,"pass",0,3
"454","25-39",1,"none",1,"m",32,"driver",0,3
"18743","25-39",1,"belted",1,"f",18,"pass",0,2
"371","10-24",1,"belted",1,"f",34,"driver",0,1
"7636","25-39",1,"none",0,"m",41,"driver",0,1
"3155","25-39",1,"belted",0,"m",42,"pass",0,3
"22559","10-24",1,"belted",1,"m",22,"driver",0,0
"21559","10-24",1,"belted",0,"f",26,"driver",0,0
"10748","10-24",1,"belted",0,"f",17,"driver",0,1
"7068","25-39",1,"none",0,"m",24,"driver",0,2
"12757","55+",1,"none",1,"m",22,"driver",1,3
"4436","10-24",1,"belted",1,"m",34,"driver",1,0
"17766","10-24",1,"none",0,"m",44,"driver",0,1
"10970","10-24",1,"none",0,"m",35,"driver",0,3
"20827","10-24",1,"none",1,"f",22,"pass",0,3
"667","25-39",1,"belted",1,"f",46,"driver",0,2
"5817","10-24",1,"none",1,"m",26,"driver",0,0
"6311","10-24",1,"belted",1,"m",44,"driver",0,0
"23090","55+",1,"none",1,"m",73,"driver",1,3
"20434","25-39",1,"belted",0,"f",47,"driver",0,1
"6586","10-24",1,"belted",1,"m",73,"driver",1,0
"25011","10-24",1,"belted",0,"f",18,"pass",0,2
"3420","25-39",1,"belted",1,"m",17,"pass",0,2
"15848","25-39",1,"none",1,"f",34,"driver",1,2
"13583","10-24",1,"belted",0,"m",18,"driver",0,0
"11874","10-24",1,"belted",1,"f",29,"driver",1,1
"2394","10-24",1,"belted",1,"m",17,"driver",0,2
"24967","1-9km/h",1,"none",0,"m",28,"driver",0,3
"9725","40-54",1,"belted",1,"f",21,"pass",0,1
"14409","40-54",1,"belted",0,"m",42,"pass",0,1
"22883","10-24",1,"none",0,"f",16,"driver",1,2
"22266","10-24",1,"belted",1,"f",41,"driver",1,1
"4058","25-39",1,"belted",1,"f",50,"driver",1,3
"18164","10-24",1,"belted",0,"f",43,"pass",0,3
"22021","10-24",1,"belted",0,"m",17,"driver",0,0
"14992","10-24",1,"belted",1,"f",46,"driver",0,1
"17954","10-24",1,"belted",0,"m",82,"driver",0,5
"900","10-24",1,"belted",1,"m",23,"driver",0,3
"16794","10-24",1,"belted",1,"m",34,"driver",0,1
"20871","25-39",1,"none",1,"f",16,"pass",0,3
"13172","10-24",1,"none",1,"f",28,"driver",1,3
"14588","10-24",1,"belted",1,"m",27,"driver",0,1
"13142","10-24",1,"none",1,"f",73,"driver",0,3
"3069","25-39",1,"none",0,"m",23,"driver",0,3
"19013","10-24",1,"belted",0,"f",46,"driver",0,3
"10463","25-39",1,"belted",0,"m",17,"pass",0,3
"11865","25-39",1,"none",1,"f",48,"driver",0,2
"10303","10-24",1,"belted",0,"f",41,"driver",0,3
"14136","25-39",1,"belted",0,"m",21,"driver",0,1
"16093","1-9km/h",1,"belted",1,"m",30,"driver",1,1
"4702","10-24",1,"belted",1,"m",31,"driver",1,0
"13078","25-39",1,"belted",0,"f",39,"driver",0,3
"9472","25-39",1,"none",1,"m",20,"pass",0,1
"17114","10-24",1,"belted",1,"m",16,"driver",1,0
"5777","25-39",1,"none",1,"m",25,"pass",0,2
"4093","10-24",1,"belted",0,"f",51,"driver",0,1
"2899","25-39",1,"belted",0,"m",26,"pass",0,2
"16642","10-24",1,"belted",0,"f",51,"driver",0,0
"14673","25-39",1,"belted",0,"m",28,"driver",1,3
"14351","10-24",1,"belted",0,"m",38,"driver",1,0
"4659","1-9km/h",1,"belted",0,"m",31,"driver",0,1
"7095","25-39",1,"belted",1,"m",42,"driver",1,0
"25151","10-24",1,"belted",0,"m",49,"driver",0,3
"3126","10-24",1,"belted",1,"f",74,"driver",1,1
"2928","10-24",1,"belted",0,"m",24,"driver",1,3
"8526","10-24",1,"belted",1,"m",37,"driver",1,0
"4423","10-24",1,"belted",0,"m",39,"driver",0,3
"20126","10-24",1,"belted",1,"f",16,"driver",1,0
"24340","40-54",1,"none",1,"m",20,"driver",1,3
"7983","10-24",1,"belted",0,"m",31,"pass",0,3
"23434","10-24",1,"none",0,"m",41,"driver",0,0
"24527","25-39",1,"belted",1,"f",29,"driver",0,0
"16138","25-39",1,"belted",0,"f",16,"pass",0,2
"2229","25-39",1,"belted",1,"f",56,"driver",0,3
"16953","25-39",1,"belted",1,"f",54,"driver",0,1
"8582","25-39",1,"belted",0,"m",53,"pass",0,0
"8539","10-24",1,"belted",1,"m",35,"pass",0,0
"8098","10-24",1,"belted",1,"m",28,"pass",0,1
"13556","10-24",1,"belted",0,"f",16,"driver",0,0
"954","40-54",1,"belted",0,"f",37,"driver",1,3
"9716","25-39",1,"none",0,"m",22,"driver",0,1
"7742","25-39",1,"none",1,"f",17,"driver",0,2
"21218","25-39",1,"belted",0,"f",29,"pass",0,1
"16940","10-24",1,"belted",1,"m",41,"driver",1,1
"16410","10-24",1,"belted",0,"f",54,"pass",0,0
"16446","10-24",1,"belted",0,"m",49,"driver",0,0
"21315","25-39",1,"belted",1,"m",19,"driver",0,3
"9865","10-24",1,"belted",1,"f",17,"pass",1,3
"13739","10-24",1,"belted",1,"m",21,"pass",1,3
"21106","10-24",1,"belted",1,"m",26,"driver",0,2
"22743","10-24",1,"belted",0,"m",51,"driver",0,1
"4411","10-24",1,"none",0,"f",76,"pass",0,3
"23812","25-39",1,"belted",1,"m",51,"driver",0,1
"16620","10-24",1,"belted",1,"m",70,"driver",0,0
"8721","10-24",1,"belted",1,"f",48,"driver",1,1
"19160","10-24",1,"belted",1,"m",25,"driver",1,0
"23734","10-24",1,"belted",1,"m",23,"driver",0,0
"21667","25-39",1,"belted",1,"f",48,"driver",1,2
"8248","10-24",1,"belted",1,"f",61,"driver",0,0
"4979","10-24",1,"belted",1,"m",33,"pass",0,0
"24443","25-39",1,"none",1,"m",29,"driver",1,3
"11380","25-39",1,"belted",1,"m",43,"driver",0,0
"3758","40-54",1,"none",1,"m",22,"pass",0,3
"11420","10-24",1,"belted",1,"m",65,"driver",0,2
"4535","25-39",1,"belted",1,"f",45,"driver",1,2
"5107","10-24",1,"none",0,"m",42,"driver",1,2
"17977","10-24",1,"none",1,"m",31,"pass",0,0
"8612","25-39",1,"none",0,"m",42,"driver",0,3
"1497","40-54",1,"belted",1,"m",16,"driver",0,1
"14048","10-24",1,"belted",0,"f",44,"driver",0,0
"17465","10-24",1,"belted",1,"m",21,"pass",1,0
"19047","55+",1,"none",0,"f",38,"driver",0,2
"11969","25-39",1,"none",1,"m",30,"driver",1,3
"9799","10-24",1,"none",1,"f",45,"pass",0,2
"13175","10-24",1,"belted",0,"f",50,"driver",0,1
"12433","25-39",1,"belted",1,"m",73,"driver",0,1
"14824","10-24",1,"belted",0,"f",66,"driver",0,0
"18873","10-24",1,"none",0,"m",30,"driver",0,3
"5390","25-39",1,"belted",1,"f",50,"pass",0,2
"13471","40-54",1,"none",1,"m",43,"driver",0,2
"24478","25-39",1,"none",1,"m",34,"driver",1,3
