"Area","Sexo","Comprimento","Aneis"
"A","M",0.455,15
"A","M",0.35,7
"A","F",0.53,9
"A","M",0.44,10
"A","I",0.33,7
"A","I",0.425,8
"A","F",NA,NA
"A","F",NA,NA
"A","M",0.475,9
"A","F",0.55,19
"A","F",0.525,14
"A","M",0.43,10
"A","M",0.49,11
"A","F",0.535,10
"A","F",0.47,10
"A","M",0.5,12
"A","I",0.355,7
"A","F",0.44,10
"A","M",0.365,7
"A","M",0.45,9
"A","M",0.355,11
"A","I",0.38,10
"A","F",0.565,12
"A","F",0.55,9
"A","F",0.615,10
"A","F",0.56,11
"A","F",0.58,11
"A","M",0.59,12
"A","M",0.605,15
"A","M",NA,NA
"A","M",0.58,10
"A","F",0.68,15
"A","M",0.665,18
"A","F",0.68,19
"A","F",0.705,13
"A","M",0.465,8
"A","F",0.54,16
"A","F",0.45,8
"A","F",0.575,11
"A","M",0.355,9
"A","F",0.45,9
"A","F",0.55,14
"A","I",NA,NA
"A","I",0.205,5
"A","I",0.21,4
"A","I",0.39,7
"A","M",0.47,9
"A","F",0.46,7
"A","I",0.325,6
"A","F",0.525,9
"A","I",0.52,8
"A","M",0.4,7
"A","M",0.485,10
"A","F",NA,NA
"A","M",0.405,7
"A","F",NA,NA
"A","M",0.445,8
"A","M",0.47,8
"A","I",0.245,4
"A","F",0.505,7
"A","M",0.45,7
"A","M",0.505,9
"A","F",0.53,10
"A","M",0.425,7
"A","M",0.52,8
"A","M",0.475,8
"A","F",0.565,12
"A","F",0.595,13
"A","F",0.475,10
"A","I",0.31,6
"A","M",0.555,13
"A","F",0.4,8
"A","F",0.595,20
"A","M",0.57,11
"A","F",0.605,13
"A","F",0.6,15
"A","M",0.595,9
"A","F",0.6,10
"A","F",0.555,11
"A","F",0.615,14
"A","F",0.575,9
"A","M",0.62,12
"A","F",0.52,16
"A","M",NA,NA
"A","M",0.58,14
"A","F",0.57,12
"A","M",0.625,13
"A","M",0.56,10
"A","F",0.46,9
"A","F",0.575,12
"A","M",0.565,15
"A","M",0.555,12
"A","M",0.595,13
"A","F",0.625,10
"A","M",0.695,15
"A","M",0.665,14
"A","M",NA,NA
"A","M",0.47,8
"A","M",0.47,7
"A","F",0.475,10
"A","I",0.36,7
"A","M",0.55,15
"A","M",0.53,15
"A","M",0.53,10
"A","M",0.605,12
"A","F",0.52,12
"A","F",0.545,11
"A","F",NA,NA
"A","F",NA,NA
"A","F",0.435,9
"A","M",0.495,9
"A","M",0.465,9
"A","I",0.435,9
"A","M",0.425,9
"A","F",0.545,11
"A","F",0.53,11
"A","F",0.49,11
"A","M",0.44,10
"A","F",0.56,9
"A","M",0.405,8
"A","F",0.47,9
"A","I",0.385,7
"A","F",0.515,14
"A","M",0.37,6
"A","I",0.36,6
"A","I",0.27,5
"A","I",0.375,6
"A","I",0.385,8
"A","M",0.7,19
"A","M",0.71,18
"A","M",0.595,17
"A","F",0.44,9
"A","F",0.325,7
"A","I",0.35,7
"A","I",0.265,7
"A","F",0.425,8
"A","F",0.305,7
"A","M",0.345,9
"A","F",0.405,9
"A","M",0.375,9
"A","F",0.565,10
"A","F",0.55,10
"A","M",0.65,16
"A","M",NA,NA
"A","M",0.475,10
"A","F",0.49,10
"A","M",0.46,10
"A","I",0.28,9
"A","I",0.175,5
"A","I",0.17,4
"A","M",0.59,15
"A","F",0.605,9
"A","F",0.635,10
"A","F",0.605,10
"A","F",0.565,12
"A","M",NA,NA
"A","F",0.575,13
"A","M",NA,NA
"A","F",0.58,13
"A","F",0.575,13
"A","M",0.605,13
"A","F",0.605,13
"A","M",0.61,12
"A","F",0.725,18
"A","F",0.65,16
"A","M",0.725,14
"A","F",0.725,20
"A","F",0.68,20
"A","M",0.705,14
"A","F",0.68,12
"A","M",0.695,14
"A","F",0.53,7
"A","M",0.525,8
"A","F",0.52,8
"A","I",0.235,5
"A","I",0.36,7
"A","I",0.315,5
"A","I",0.315,8
"A","I",0.225,4
"A","M",0.58,11
"A","M",0.57,14
"A","M",0.64,21
"A","F",0.56,10
"A","F",NA,NA
"A","F",0.645,12
"A","M",0.62,13
"A","F",NA,NA
"A","F",0.63,10
"A","F",0.63,11
"A","F",0.585,9
"A","M",0.615,13
"A","M",0.61,12
"A","M",0.58,14
"A","I",0.355,8
"A","F",0.51,10
"A","M",NA,NA
"A","F",0.505,11
"A","M",0.64,16
"A","M",0.56,15
"A","M",0.585,10
"A","F",0.45,9
"A","M",NA,NA
"A","F",NA,NA
"A","F",0.53,13
"A","M",0.42,8
"A","F",0.44,9
"A","I",0.4,9
"A","I",0.435,8
"A","F",0.525,13
"A","I",0.37,7
"A","F",0.49,10
"A","M",0.335,7
"A","F",0.415,12
"A","M",0.5,9
"A","F",0.485,14
"A","M",0.55,10
"A","M",0.45,8
"A","I",0.405,7
"A","M",0.47,10
"A","F",0.415,8
"A","F",0.445,9
"A","F",0.47,11
"A","F",0.49,9
"A","F",0.445,11
"A","I",0.425,10
"A","F",0.5,9
"A","F",0.39,7
"A","I",0.365,7
"A","F",0.58,11
"A","F",0.53,15
"A","M",0.555,13
"A","M",0.565,14
"A","M",0.625,22
"A","I",0.275,7
"A","I",0.44,12
"A","I",0.295,9
"A","I",0.075,1
"A","I",0.13,3
"A","I",0.11,3
"A","I",0.16,5
"A","M",NA,NA
"A","I",NA,NA
"A","I",0.23,5
"A","I",NA,NA
"A","I",NA,NA
"A","I",0.35,10
"A","I",0.32,13
"A","I",0.36,9
"A","I",0.305,7
"A","I",0.345,7
"A","I",0.33,7
"A","M",0.59,13
"A","F",NA,NA
"A","F",0.575,15
"A","M",0.6,15
"A","M",NA,NA
"A","M",0.56,19
"A","M",NA,NA
"A","F",0.635,15
"A","F",0.59,13
"A","F",0.54,11
"A","F",NA,NA
"A","M",0.53,11
"A","I",0.245,4
"A","M",NA,NA
"A","F",0.46,11
"A","M",0.52,14
"A","M",0.35,8
"A","M",0.47,9
"A","F",0.45,13
"A","F",0.64,22
"A","M",NA,NA
"A","M",0.62,14
"A","M",0.63,15
"A","M",0.63,13
"A","M",0.655,22
"A","F",0.66,12
"A","M",0.61,18
"A","M",0.635,20
"A","F",0.515,11
"A","F",0.535,15
"A","I",0.36,7
"A","F",0.455,9
"A","M",0.485,14
"A","M",0.515,14
"A","F",0.535,10
"A","M",0.53,10
"A","F",0.495,17
"A","M",0.44,9
"A","F",0.535,10
"A","M",0.54,17
"A","F",NA,NA
"A","M",0.61,15
"A","F",0.565,19
"A","M",0.6,26
"A","I",0.295,6
"A","I",NA,NA
"A","I",0.28,4
"A","M",0.49,11
"A","M",0.37,9
"A","F",0.405,9
"A","F",0.54,13
"A","M",NA,NA
"A","M",0.36,6
"A","F",0.47,10
"A","I",0.2,4
"A","I",0.165,3
"A","M",0.645,13
"A","M",0.55,14
"A","M",0.57,10
"A","F",0.63,21
"A","M",NA,NA
"A","M",0.595,19
"A","F",0.62,23
"A","M",NA,NA
"A","I",0.45,8
"A","F",0.635,14
"A","M",0.45,10
"A","F",0.58,18
"A","I",0.33,6
"A","I",NA,NA
"A","I",0.19,4
"A","M",0.385,11
"A","I",0.265,5
"A","M",0.335,7
"A","I",0.355,7
"A","I",0.32,7
"A","M",0.51,12
"A","M",0.36,8
"A","I",0.36,8
"A","M",0.5,12
"A","F",0.4,8
"A","I",0.3,5
"A","I",0.235,5
"A","F",0.74,16
"A","M",0.62,11
"A","M",0.6,14
"A","M",0.59,16
"A","M",0.62,13
"A","F",0.565,15
"A","M",0.575,14
"A","F",0.62,14
"A","M",0.62,12
"A","F",0.505,12
"A","F",0.46,8
"A","M",0.49,13
"A","F",NA,NA
"A","I",0.34,6
"A","I",0.375,8
"A","M",0.61,14
"A","F",0.61,8
"A","F",0.585,22
"A","M",0.57,12
"A","M",0.58,9
"A","M",0.635,16
"A","M",0.7,20
"A","M",0.675,13
"A","F",0.645,18
"A","M",0.745,17
"A","F",0.685,16
"A","M",0.605,18
"A","F",0.59,12
"A","F",0.65,20
"A","F",0.6,16
"A","F",0.62,12
"A","M",0.63,19
"A","M",0.58,11
"A","F",NA,NA
"A","M",0.63,12
"A","F",0.69,17
"A","F",0.65,16
"A","F",0.66,16
"A","F",0.68,19
"A","F",0.7,14
"A","M",0.685,13
"A","F",0.675,20
"A","M",0.63,11
"A","F",0.585,10
"A","M",0.565,15
"A","F",0.61,12
"A","M",0.605,15
"A","M",0.535,10
"A","M",0.485,10
"A","M",0.47,12
"A","M",NA,NA
"A","F",0.455,9
"A","M",0.54,12
"A","M",0.46,10
"A","M",0.49,14
"A","I",0.465,9
"A","I",0.415,10
"A","M",0.475,10
"A","F",0.47,10
"A","I",NA,NA
"A","I",0.345,6
"A","I",0.39,11
"A","F",0.5,10
"A","M",NA,NA
"A","M",0.535,12
"A","M",0.585,11
"A","F",0.485,9
"A","M",NA,NA
"A","F",0.435,7
"A","F",0.515,10
"A","I",0.44,7
"A","F",0.525,12
"A","M",0.45,8
"A","M",0.59,16
"A","M",0.555,11
"A","M",NA,NA
"A","M",0.59,15
"A","M",0.585,14
"A","F",0.58,11
"A","M",0.545,12
"A","F",0.605,14
"A","F",0.62,15
"A","F",NA,NA
"A","M",0.63,20
"A","F",NA,NA
"A","M",0.545,13
"A","F",0.67,14
"A","I",0.49,11
"A","F",NA,NA
"A","I",0.29,8
"A","I",0.26,6
"A","M",NA,NA
"A","F",NA,NA
"A","M",0.6,19
"A","F",0.56,21
"A","F",0.575,18
"A","F",NA,NA
"A","M",0.6,20
"A","M",0.565,18
"A","M",0.545,22
"A","I",0.44,13
"A","M",NA,NA
"A","I",0.36,7
"A","I",0.385,14
"A","M",0.39,9
"A","M",NA,NA
"A","I",0.36,10
"A","I",0.335,8
"A","F",0.505,19
"A","I",0.395,10
"A","F",0.41,10
"A","F",0.56,9
"A","M",NA,NA
"A","M",0.565,16
"A","M",0.605,12
"A","F",0.565,18
"A","M",0.725,16
"A","F",0.675,16
"A","F",0.665,17
"A","F",0.565,11
"A","F",0.645,14
"A","M",0.575,11
"A","F",0.64,15
"A","I",0.36,9
"A","I",0.415,10
"A","F",0.525,11
"A","M",0.38,11
"A","F",NA,NA
"A","I",0.24,6
"A","I",0.22,5
"A","I",0.255,6
"A","I",0.175,5
"A","F",0.67,12
"A","M",0.655,13
"A","F",NA,NA
"A","M",0.675,21
"A","F",0.53,9
"A","F",0.515,10
"A","I",0.43,9
"A","F",0.52,11
"A","F",0.545,10
"A","M",0.53,17
"A","F",0.465,9
"A","M",0.665,17
"A","M",0.735,21
"A","M",0.66,16
"A","F",0.7,29
"A","M",0.575,17
"A","M",0.57,15
"A","F",0.58,19
"A","M",0.63,12
"A","F",0.585,13
"A","M",0.55,11
"A","F",0.625,15
"A","M",0.54,11
"A","F",0.57,14
"A","M",0.59,14
"A","M",0.58,13
"A","F",0.655,11
"A","M",0.655,15
"A","M",NA,NA
"A","F",0.625,15
"A","F",0.64,12
"A","F",NA,NA
"A","F",0.615,11
"A","M",0.555,10
"A","F",0.58,12
"A","F",0.62,23
"A","F",0.62,15
"A","F",0.6,13
"A","F",0.625,17
"A","M",0.6,15
"A","M",0.56,12
"A","M",0.585,15
"A","M",0.56,11
"A","I",0.56,16
"A","I",NA,NA
"A","F",0.455,10
"A","F",NA,NA
"A","M",0.31,6
"A","F",NA,NA
"A","M",0.27,6
"A","M",0.4,9
"A","M",0.28,5
"A","M",NA,NA
"A","F",0.345,6
"A","M",0.21,3
"A","F",NA,NA
"A","I",0.365,9
"A","M",0.2,5
"A","M",0.235,4
"A","M",0.175,4
"A","M",NA,NA
"A","F",0.57,14
"A","F",0.57,12
"A","M",0.385,9
"A","I",0.53,20
"A","F",0.46,13
"A","I",0.47,12
"A","F",0.435,9
"A","I",0.47,10
"A","I",0.465,11
"A","I",0.52,11
"A","M",NA,NA
"A","M",0.275,5
"A","F",NA,NA
"A","F",0.5,15
"A","F",0.44,11
"A","M",0.42,15
"A","M",NA,NA
"A","F",0.38,10
"A","M",NA,NA
"A","M",0.255,8
"A","M",0.205,7
"A","F",0.565,12
"A","I",0.555,11
"A","I",0.65,17
"A","I",0.615,13
"A","I",0.56,12
"A","I",0.48,13
"A","I",0.485,9
"A","I",0.5,10
"A","I",0.525,14
"A","F",NA,NA
"A","F",NA,NA
"A","I",0.52,13
"A","F",0.44,8
"A","I",NA,NA
"A","F",0.475,11
"A","F",0.545,11
"A","F",0.47,14
"A","M",0.35,10
"A","I",0.485,12
"A","I",0.435,12
"A","M",0.28,7
"A","F",0.41,11
"A","I",0.45,16
"A","I",0.45,14
"A","F",0.59,20
"A","F",0.57,17
"A","I",NA,NA
"A","F",0.61,11
"A","I",0.56,10
"A","F",0.585,10
"A","I",0.58,11
"A","F",0.63,17
"A","F",0.625,11
"A","I",0.55,14
"A","F",0.645,19
"A","I",0.46,13
"A","F",0.41,11
"A","I",NA,NA
"A","I",0.52,10
"A","F",0.55,13
"A","M",0.45,14
"A","F",0.405,13
"A","I",0.51,13
"A","F",0.37,9
"A","I",0.525,18
"A","F",0.66,19
"A","M",0.535,12
"A","I",0.575,13
"A","F",0.55,9
"A","I",0.605,13
"A","I",0.605,12
"A","F",0.56,16
"A","I",0.535,17
"A","F",NA,NA
"A","F",NA,NA
"A","I",0.47,11
"A","I",0.515,12
"A","I",NA,NA
"A","M",0.345,9
"A","I",0.485,10
"A","M",0.37,10
"A","M",0.35,12
"A","F",0.44,12
"A","M",0.195,4
"A","M",0.325,9
"A","I",0.495,18
"A","I",0.45,15
"A","M",0.415,13
"A","F",0.47,12
"A","M",0.32,7
"A","M",0.31,9
"A","M",0.235,7
"A","M",0.345,10
"A","I",0.485,18
"A","F",0.5,12
"A","F",0.5,17
"A","I",0.465,15
"A","F",0.525,12
"A","F",0.425,10
"A","F",0.38,8
"A","I",0.53,21
"A","M",0.34,10
"A","I",0.475,9
"A","F",NA,NA
"A","M",0.46,10
"A","I",NA,NA
"A","M",0.36,9
"A","M",0.355,8
"A","M",0.38,7
"A","M",0.355,6
"A","I",0.44,14
"A","F",0.51,13
"A","M",0.325,7
"A","I",0.62,13
"A","F",0.59,19
"A","M",0.33,7
"A","M",0.45,9
"A","I",NA,NA
"A","M",0.33,6
"A","M",0.48,9
"A","I",0.46,11
"A","F",0.475,9
"A","M",0.255,5
"A","I",0.335,6
"A","I",0.47,11
"A","M",0.31,7
"A","F",NA,NA
"A","M",0.295,7
"A","F",0.555,17
"A","F",NA,NA
"A","I",0.58,18
"A","F",0.585,11
"A","I",NA,NA
"A","I",0.535,11
"A","F",NA,NA
"A","F",0.38,12
"A","I",0.45,19
"A","F",0.395,10
"A","M",0.455,11
"A","F",0.485,15
"A","M",0.55,13
"A","F",0.45,13
"A","M",0.475,14
"A","F",0.5,17
"A","F",0.53,19
"A","M",NA,NA
"A","F",0.49,23
"A","F",0.52,22
"A","M",NA,NA
"A","F",0.5,11
"A","F",0.45,23
"A","F",0.37,8
"A","I",0.37,7
"A","M",0.485,10
"A","F",NA,NA
"A","M",0.535,16
"A","M",0.51,10
"A","M",0.565,15
"A","F",NA,NA
"A","F",0.535,16
"A","M",0.525,11
"A","M",0.59,11
"A","M",0.5,10
"A","I",0.255,5
"A","F",0.43,11
"A","M",0.38,9
"A","I",0.165,4
"A","I",0.315,7
"A","I",0.155,4
"A","M",0.28,5
"A","F",NA,NA
"A","F",0.395,16
"A","M",NA,NA
"A","F",0.48,14
"A","F",0.445,9
"A","M",NA,NA
"A","M",0.4,9
"A","M",NA,NA
"A","M",NA,NA
"A","F",0.345,10
"A","M",0.36,10
"A","I",0.295,7
"A","I",0.325,7
"A","M",0.375,11
"A","I",0.28,7
"A","M",0.355,8
"A","M",0.35,9
"A","I",0.275,7
"A","I",0.29,8
"A","I",0.25,6
"A","I",0.18,4
"A","I",NA,NA
"A","I",0.16,3
"A","M",0.555,13
"A","M",0.555,15
"A","M",0.525,15
"A","M",0.465,11
"A","F",0.49,17
"A","M",0.4,10
"A","F",NA,NA
"A","M",0.505,13
"A","F",0.52,15
"A","M",0.525,11
"A","M",0.545,13
"A","M",0.52,15
"A","M",0.505,13
"A","M",0.525,18
"A","M",NA,NA
"A","M",0.52,12
"A","F",0.52,12
"A","M",0.535,14
"A","M",0.445,10
"A","M",0.53,14
"A","F",0.36,8
"A","F",0.535,14
"A","F",0.52,17
"A","M",0.53,20
"A","F",0.53,17
"A","F",0.66,17
"A","M",NA,NA
"A","M",0.535,14
"A","M",0.695,15
"A","F",NA,NA
"A","M",0.485,10
"A","F",0.605,13
"A","F",0.58,13
"A","M",0.65,20
"A","M",NA,NA
"A","M",0.615,20
"A","F",0.605,15
"A","M",0.57,13
"A","M",0.57,15
"A","M",0.585,15
"A","F",0.55,16
"A","F",0.54,17
"A","M",0.64,14
"A","F",NA,NA
"A","M",0.545,11
"A","F",0.59,13
"A","M",0.345,9
"A","F",0.55,11
"A","F",0.53,17
"A","F",0.53,11
"A","I",NA,NA
"A","M",0.385,8
"A","M",0.455,9
"A","M",0.49,10
"A","M",0.53,11
"A","M",0.505,15
"A","M",0.49,13
"A","M",0.465,15
"A","F",0.47,15
"A","M",0.56,13
"A","M",0.505,12
"A","M",0.515,10
"A","I",0.385,6
"A","I",0.215,5
"A","M",0.55,15
"A","F",0.515,9
"A","M",0.495,12
"A","F",0.505,9
"A","F",0.6,12
"A","F",0.57,10
"A","F",0.485,10
"A","M",0.47,9
"A","M",0.575,12
"A","M",0.58,12
"A","M",0.515,15
"A","M",0.53,11
"A","M",0.44,9
"A","M",0.52,11
"A","F",0.425,11
"A","M",0.46,10
"A","M",0.45,10
"A","M",0.425,9
"A","I",0.37,7
"A","M",0.515,10
"A","M",0.405,7
"A","I",0.28,6
"A","F",0.48,15
"A","F",0.44,10
"A","F",0.52,12
"A","M",0.505,12
"A","F",0.49,21
"A","I",0.235,6
"A","I",0.255,5
"A","I",0.315,7
"A","I",0.325,7
"A","I",0.335,6
"A","I",0.35,6
"A","I",0.35,6
"A","I",0.36,7
"A","I",0.365,7
"A","I",0.37,6
"A","I",0.38,7
"A","I",0.385,6
"A","I",0.385,7
"A","I",0.395,7
"A","I",0.395,6
"A","I",0.4,6
"A","I",0.41,6
"A","I",NA,NA
"A","M",0.415,6
"A","I",0.425,6
"A","I",0.44,9
"A","I",0.445,7
"A","I",0.445,7
"B","I",0.45,8
"B","M",0.47,8
"B","I",0.475,9
"B","F",0.48,8
"B","I",0.485,9
"B","M",NA,NA
"B","F",NA,NA
"B","M",0.5,9
"B","M",NA,NA
"B","M",0.525,8
"B","M",0.54,9
"B","F",0.54,11
"B","F",0.545,10
"B","F",0.55,8
"B","M",0.55,10
"B","F",0.55,10
"B","M",0.555,9
"B","M",0.565,10
"B","M",0.57,9
"B","M",NA,NA
"B","F",0.575,9
"B","M",0.59,9
"B","M",0.59,12
"B","F",NA,NA
"B","F",0.595,8
"B","F",NA,NA
"B","F",0.595,12
"B","M",0.6,11
"B","F",0.6,10
"B","M",0.6,11
"B","F",0.605,10
"B","M",0.605,9
"B","F",0.615,12
"B","F",NA,NA
"B","M",NA,NA
"B","M",0.615,12
"B","F",0.62,11
"B","M",0.62,9
"B","F",0.625,11
"B","F",0.625,11
"B","M",0.63,14
"B","M",NA,NA
"B","F",0.635,10
"B","F",0.635,9
"B","F",NA,NA
"B","M",NA,NA
"B","M",NA,NA
"B","M",0.655,17
"B","M",0.66,15
"B","M",0.66,10
"B","F",0.67,10
"B","F",0.675,12
"B","F",0.675,9
"B","F",NA,NA
"B","F",0.685,11
"B","F",0.695,11
"B","M",0.73,17
"B","I",0.205,6
"B","I",0.24,5
"B","I",0.24,3
"B","I",0.255,6
"B","I",0.255,4
"B","I",0.265,6
"B","I",0.28,4
"B","I",0.295,5
"B","I",0.3,4
"B","I",0.3,6
"B","I",0.305,5
"B","I",0.315,6
"B","I",0.315,8
"B","I",0.32,5
"B","I",0.325,6
"B","I",0.33,6
"B","I",0.335,7
"B","I",0.335,7
"B","I",0.34,5
"B","I",0.34,7
"B","I",0.345,7
"B","I",NA,NA
"B","I",0.37,7
"B","I",0.375,6
"B","I",0.385,6
"B","I",0.41,7
"B","I",0.41,7
"B","I",0.41,6
"B","I",0.415,6
"B","I",0.42,5
"B","I",0.42,6
"B","I",0.425,6
"B","I",0.425,6
"B","I",NA,NA
"B","I",0.43,7
"B","I",0.435,8
"B","I",0.435,6
"B","I",0.44,6
"B","I",0.44,7
"B","F",0.445,6
"B","I",0.445,7
"B","I",0.45,7
"B","I",0.45,8
"B","I",0.45,7
"B","I",0.45,7
"B","I",0.455,7
"B","I",0.455,6
"B","I",0.46,7
"B","I",0.46,7
"B","I",0.465,7
"B","I",0.465,7
"B","I",0.465,7
"B","F",0.465,6
"B","M",0.47,8
"B","F",0.47,8
"B","M",0.475,9
"B","F",0.475,6
"B","M",0.48,6
"B","M",0.48,6
"B","M",0.48,8
"B","M",0.48,7
"B","F",0.485,7
"B","M",0.49,8
"B","M",0.495,8
"B","M",0.495,7
"B","M",0.5,6
"B","I",0.5,8
"B","M",0.5,7
"B","M",0.5,7
"B","F",0.505,9
"B","I",0.505,8
"B","M",NA,NA
"B","I",0.505,8
"B","M",0.51,8
"B","I",0.51,7
"B","I",0.51,7
"B","M",NA,NA
"B","M",0.51,8
"B","F",0.515,8
"B","M",NA,NA
"B","F",0.525,8
"B","M",0.525,11
"B","F",0.53,8
"B","F",0.53,8
"B","M",0.53,7
"B","F",0.535,8
"B","M",0.535,8
"B","M",NA,NA
"B","F",0.55,9
"B","F",0.55,9
"B","F",0.56,9
"B","F",0.565,8
"B","M",0.57,10
"B","M",0.57,10
"B","F",NA,NA
"B","M",0.57,8
"B","M",0.57,7
"B","M",0.575,9
"B","F",0.575,9
"B","F",0.58,7
"B","F",0.58,8
"B","M",0.58,10
"B","F",0.58,8
"B","M",0.58,9
"B","M",0.59,11
"B","M",0.59,8
"B","F",0.59,8
"B","F",0.595,11
"B","F",0.595,11
"B","M",0.595,9
"B","F",0.595,9
"B","M",NA,NA
"B","F",0.605,9
"B","M",0.605,9
"B","M",0.605,11
"B","M",0.61,11
"B","M",0.61,10
"B","F",NA,NA
"B","F",0.62,11
"B","F",NA,NA
"B","M",0.625,10
"B","F",0.625,10
"B","F",0.625,9
"B","F",0.625,9
"B","M",0.63,8
"B","F",NA,NA
"B","M",0.63,8
"B","M",0.635,11
"B","M",0.635,10
"B","M",0.64,10
"B","F",0.64,11
"B","F",0.64,10
"B","F",0.645,10
"B","M",0.645,11
"B","M",0.645,8
"B","F",0.645,8
"B","M",0.645,11
"B","F",0.645,10
"B","F",0.645,10
"B","M",NA,NA
"B","M",NA,NA
"B","M",0.65,10
"B","F",0.655,9
"B","F",0.655,10
"B","F",0.66,11
"B","M",0.66,9
"B","M",NA,NA
"B","F",0.66,6
"B","M",0.67,11
"B","F",NA,NA
"B","F",0.675,12
"B","M",0.68,12
"B","M",0.69,8
"B","M",0.69,10
"B","F",0.695,10
"B","F",0.705,12
"B","M",0.71,11
"B","M",0.715,10
"B","F",0.715,11
"B","F",0.735,11
"B","M",0.765,12
"B","I",0.185,4
"B","I",0.195,3
"B","I",NA,NA
"B","I",0.2,4
"B","I",0.225,4
"B","I",0.245,4
"B","I",0.25,5
"B","I",NA,NA
"B","I",0.275,6
"B","I",0.28,5
"B","I",NA,NA
"B","I",0.3,6
"B","I",0.315,6
"B","I",0.32,6
"B","I",0.34,5
"B","I",NA,NA
"B","I",0.375,6
"B","I",0.375,6
"B","I",0.385,7
"B","I",0.4,6
"B","I",0.405,7
"B","I",0.41,7
"B","I",0.41,6
"B","I",0.42,7
"B","I",0.42,7
"B","I",0.42,6
"B","I",NA,NA
"B","M",0.43,7
"B","I",NA,NA
"B","I",0.435,7
"B","I",0.44,7
"B","I",0.445,7
"B","I",0.445,7
"B","I",0.445,8
"B","I",0.45,8
"B","I",NA,NA
"B","I",0.45,7
"B","I",0.45,6
"B","I",0.45,6
"B","I",0.46,7
"B","M",0.47,7
"B","I",0.47,6
"B","I",0.475,6
"B","I",0.475,7
"B","I",0.48,8
"B","M",NA,NA
"B","I",0.5,7
"B","I",0.5,9
"B","I",NA,NA
"B","M",0.5,6
"B","F",0.505,7
"B","I",0.51,8
"B","F",0.51,6
"B","I",0.51,9
"B","I",0.51,8
"B","I",0.515,8
"B","M",NA,NA
"B","I",0.52,8
"B","I",0.52,8
"B","F",0.52,7
"B","I",0.525,8
"B","I",0.525,9
"B","M",0.525,9
"B","I",NA,NA
"B","I",0.53,8
"B","I",0.535,9
"B","I",0.54,10
"B","M",0.545,7
"B","M",0.545,9
"B","M",0.545,9
"B","F",0.55,8
"B","F",0.55,8
"B","M",0.55,10
"B","M",0.56,9
"B","M",0.56,8
"B","F",NA,NA
"B","M",NA,NA
"B","M",0.565,9
"B","M",0.565,8
"B","F",0.565,9
"B","M",0.57,9
"B","F",0.57,8
"B","I",0.57,8
"B","F",0.575,7
"B","F",0.575,10
"B","M",0.575,9
"B","F",0.575,9
"B","M",0.575,9
"B","I",0.575,10
"B","M",0.575,9
"B","M",0.575,9
"B","M",NA,NA
"B","M",0.58,9
"B","M",0.58,9
"B","M",0.58,9
"B","M",0.58,8
"B","F",0.58,9
"B","M",0.585,9
"B","M",0.585,7
"B","M",0.59,8
"B","F",0.6,9
"B","M",0.6,8
"B","F",0.6,8
"B","M",0.6,10
"B","F",0.605,9
"B","M",NA,NA
"B","M",0.605,10
"B","F",0.605,9
"B","M",0.61,8
"B","M",0.61,9
"B","M",0.61,9
"B","M",0.615,10
"B","F",NA,NA
"B","F",0.615,9
"B","M",0.62,8
"B","M",0.62,8
"B","F",0.62,8
"B","F",0.625,9
"B","M",0.625,8
"B","M",0.63,8
"B","M",0.63,10
"B","F",NA,NA
"B","M",0.64,10
"B","M",0.645,10
"B","F",0.645,10
"B","F",NA,NA
"B","M",0.65,11
"B","M",0.655,11
"B","F",0.655,10
"B","F",0.66,11
"B","M",0.665,8
"B","I",0.665,9
"B","F",0.67,9
"B","F",0.685,14
"B","M",0.685,10
"B","F",0.69,9
"B","M",0.69,12
"B","F",0.69,9
"B","M",0.695,10
"B","M",0.7,9
"B","M",0.7,12
"B","F",0.7,9
"B","F",0.705,9
"B","F",0.71,11
"B","M",0.715,12
"B","M",0.715,10
"B","F",0.72,10
"B","F",0.72,10
"B","M",0.72,8
"B","M",0.725,12
"B","F",0.73,12
"B","M",NA,NA
"B","M",0.745,11
"B","F",NA,NA
"B","F",0.755,11
"B","M",NA,NA
"B","F",0.78,11
"B","I",0.185,6
"B","I",0.245,4
"B","I",0.25,5
"B","I",0.25,5
"B","I",0.275,6
"B","I",0.305,5
"B","I",0.31,5
"B","I",0.315,5
"B","I",0.315,5
"B","I",0.325,6
"B","I",0.33,7
"B","I",NA,NA
"B","I",0.335,7
"B","I",0.34,6
"B","I",0.345,6
"B","I",0.345,5
"B","I",NA,NA
"B","I",0.35,8
"B","I",0.36,4
"B","I",0.365,6
"B","I",0.365,7
"B","I",0.365,7
"B","I",0.37,7
"B","I",0.37,6
"B","I",0.375,5
"B","I",0.375,7
"B","I",0.375,6
"B","I",0.375,6
"B","I",0.375,8
"B","I",0.375,7
"B","I",0.38,6
"B","I",NA,NA
"B","I",0.385,9
"B","I",0.385,8
"B","I",0.385,7
"B","I",0.385,5
"B","I",0.39,7
"B","I",0.395,8
"B","I",0.395,8
"B","I",0.395,5
"B","I",NA,NA
"B","I",0.405,6
"B","I",0.41,7
"B","I",0.42,6
"B","I",0.425,7
"B","I",0.425,7
"B","I",0.425,7
"B","I",0.43,8
"B","I",0.43,8
"B","I",0.435,7
"B","I",0.44,9
"B","I",0.45,9
"B","I",0.455,8
"B","F",0.455,8
"B","I",0.455,8
"B","I",NA,NA
"B","I",0.46,9
"B","F",NA,NA
"B","I",0.465,11
"B","I",0.47,8
"B","I",NA,NA
"B","I",NA,NA
"B","I",0.475,8
"B","I",NA,NA
"B","I",NA,NA
"B","I",0.48,9
"B","I",0.48,8
"B","I",0.48,8
"B","I",0.495,8
"B","I",0.495,7
"B","M",0.495,8
"B","I",0.5,9
"B","M",0.5,9
"B","I",0.5,9
"B","I",0.5,9
"B","I",0.5,7
"B","I",0.5,9
"B","I",0.505,8
"B","I",0.505,7
"B","I",0.505,8
"B","I",0.515,7
"B","I",0.515,13
"B","I",NA,NA
"B","I",0.52,10
"B","I",0.52,9
"B","I",0.525,9
"B","M",0.525,9
"B","I",0.53,9
"B","I",0.53,10
"B","I",0.53,9
"B","I",0.53,9
"B","I",0.535,9
"B","I",0.535,8
"B","F",NA,NA
"B","M",0.535,9
"B","F",0.54,10
"B","I",0.54,9
"B","I",0.545,8
"B","F",0.545,9
"B","I",0.545,10
"B","I",0.545,8
"B","I",0.55,11
"B","F",0.55,9
"B","M",0.55,9
"B","I",0.55,10
"B","I",0.55,9
"B","M",0.555,9
"B","I",NA,NA
"B","I",0.555,9
"B","I",0.555,9
"B","I",0.56,9
"B","I",0.56,9
"B","F",0.56,10
"B","I",NA,NA
"B","I",0.565,11
"B","F",0.565,8
"B","M",0.565,8
"B","M",0.565,11
"B","I",NA,NA
"B","I",0.57,8
"B","F",0.57,9
"B","M",NA,NA
"B","I",0.57,10
"B","M",0.57,9
"B","F",0.575,10
"B","F",0.575,9
"B","M",0.575,10
"B","M",0.58,10
"B","M",0.58,10
"B","F",0.58,8
"B","M",0.585,9
"B","M",0.585,10
"B","I",0.585,10
"B","M",0.585,10
"B","M",0.585,10
"B","M",NA,NA
"B","M",0.585,8
"B","I",0.59,9
"B","M",NA,NA
"B","M",0.59,10
"B","F",0.595,10
"B","F",0.595,12
"B","M",0.6,10
"B","M",NA,NA
"B","I",0.6,10
"B","F",0.6,11
"B","F",0.6,10
"B","M",0.6,11
"B","I",0.605,11
"B","M",0.605,10
"B","I",0.605,11
"B","F",0.605,9
"B","F",0.605,12
"B","M",0.61,10
"B","M",0.61,12
"B","M",NA,NA
"B","I",0.61,9
"B","M",NA,NA
"B","M",0.61,10
"B","F",NA,NA
"B","M",NA,NA
"B","M",0.615,10
"B","F",0.615,12
"B","M",0.615,10
"B","M",0.615,9
"B","F",0.615,10
"B","M",0.62,10
"B","M",0.62,12
"B","F",0.62,10
"B","F",NA,NA
"B","M",0.625,9
"B","F",0.625,11
"B","F",0.625,9
"B","F",0.625,12
"B","F",0.63,9
"B","I",0.63,11
"B","M",0.63,12
"B","I",0.63,10
"B","M",0.63,12
"B","M",0.635,10
"B","F",0.635,9
"B","F",0.635,9
"B","M",NA,NA
"B","M",0.635,10
"B","M",0.64,15
"B","M",0.64,10
"B","M",NA,NA
"B","M",NA,NA
"B","M",0.645,11
"B","F",0.65,11
"B","F",0.65,11
"B","M",0.65,11
"B","M",0.65,9
"B","F",0.65,10
"B","F",0.655,10
"B","M",0.655,13
"B","F",0.655,10
"B","M",0.655,10
"B","F",0.66,10
"B","F",0.66,10
"B","F",0.665,10
"B","F",NA,NA
"B","F",0.67,10
"B","M",NA,NA
"B","M",0.685,9
"B","F",0.695,11
"B","F",0.7,12
"B","M",NA,NA
"B","M",NA,NA
"B","F",0.705,12
"B","F",0.71,11
"B","F",0.72,13
"B","M",0.72,12
"B","F",NA,NA
"B","F",0.73,11
"B","F",0.735,12
"B","F",0.745,9
"B","F",0.75,14
"B","F",0.815,14
"B","I",0.14,3
"B","I",0.23,4
"B","I",0.365,7
"B","I",0.365,5
"B","I",0.37,6
"B","I",0.375,7
"B","I",0.385,5
"B","I",0.395,5
"B","I",0.4,6
"B","I",0.4,7
"B","I",NA,NA
"B","I",0.405,7
"B","I",0.405,6
"B","I",0.41,5
"B","M",0.415,9
"B","I",0.425,6
"B","I",0.43,6
"B","I",NA,NA
"B","M",0.44,8
"B","I",0.44,9
"B","M",0.45,6
"B","I",NA,NA
"B","I",0.46,8
"B","I",NA,NA
"B","I",NA,NA
"B","I",0.47,6
"B","M",0.475,8
"B","I",0.475,7
"B","F",0.475,7
"B","I",0.48,7
"B","I",0.485,6
"B","M",0.485,8
"B","M",NA,NA
"B","F",0.495,7
"B","M",0.505,9
"B","F",0.505,9
"B","I",0.515,8
"B","M",0.515,8
"B","I",0.515,7
"B","M",0.52,8
"B","M",NA,NA
"B","I",0.53,9
"B","M",NA,NA
"B","F",0.545,9
"B","F",NA,NA
"B","M",0.55,9
"B","F",0.56,8
"B","F",NA,NA
"B","M",NA,NA
"B","M",0.575,9
"B","M",0.575,8
"B","F",0.58,9
"B","F",0.58,9
"B","M",0.585,8
"B","M",0.59,8
"B","F",0.59,9
"B","F",0.59,8
"B","F",0.595,9
"B","M",0.6,8
"B","M",0.6,9
"B","F",0.605,11
"B","F",NA,NA
"B","F",0.605,9
"B","F",0.61,11
"B","I",0.615,8
"B","M",0.62,10
"B","F",0.62,8
"B","M",0.62,9
"B","M",0.625,10
"B","M",0.625,11
"B","M",0.63,9
"B","F",0.63,10
"B","M",0.63,9
"B","M",0.63,11
"B","F",0.63,10
"B","F",0.635,10
"B","M",0.635,8
"B","F",0.64,9
"B","F",0.645,10
"B","M",0.645,11
"B","F",0.645,11
"B","F",0.65,10
"B","M",0.65,10
"B","F",0.65,9
"B","M",0.65,8
"B","F",0.655,11
"B","M",0.655,11
"B","M",0.66,10
"B","F",0.665,10
"B","M",0.67,11
"B","M",0.67,10
"B","M",0.67,10
"B","F",0.68,12
"B","M",NA,NA
"B","M",NA,NA
"B","F",0.7,11
"B","M",0.7,11
"B","M",0.705,10
"B","M",0.72,12
"B","M",0.725,13
"B","M",0.74,10
"B","M",0.75,11
"B","I",0.21,5
"B","I",0.285,5
"B","I",0.295,6
"B","I",0.3,6
"B","I",NA,NA
"B","I",0.335,5
"B","I",0.35,5
"B","I",NA,NA
"B","I",0.355,7
"B","I",0.36,8
"B","I",0.36,7
"B","I",0.36,7
"B","I",0.365,7
"B","I",0.37,6
"B","I",0.375,7
"B","I",0.38,7
"B","I",0.38,6
"B","I",NA,NA
"B","I",0.385,7
"B","I",NA,NA
"B","I",0.39,7
"B","I",0.39,7
"B","I",NA,NA
"B","I",0.41,8
"B","I",0.41,8
"B","I",0.415,7
"B","I",0.425,8
"B","I",0.425,7
"B","I",0.435,7
"B","I",0.435,6
"B","I",0.45,8
"B","I",0.45,7
"B","I",NA,NA
"B","I",0.46,7
"B","I",0.46,7
"B","I",0.465,9
"B","I",NA,NA
"B","I",0.47,8
"B","I",0.475,8
"B","M",0.475,7
"B","I",0.475,8
"B","I",0.48,9
"B","I",0.48,8
"B","M",0.48,8
"B","I",0.485,7
"B","I",0.49,8
"B","I",0.49,8
"B","I",0.495,8
"B","I",NA,NA
"B","I",NA,NA
"B","I",0.5,8
"B","I",0.5,9
"B","I",0.51,7
"B","F",0.515,6
"B","I",0.515,9
"B","I",NA,NA
"B","I",0.515,8
"B","I",0.515,8
"B","I",0.52,9
"B","I",0.52,7
"B","M",0.525,8
"B","I",0.525,9
"B","I",0.525,8
"B","I",0.525,7
"B","M",0.525,9
"B","I",0.53,7
"B","I",NA,NA
"B","I",NA,NA
"B","I",NA,NA
"B","I",0.535,7
"B","I",0.54,9
"B","I",0.54,9
"B","I",NA,NA
"B","M",0.54,10
"B","I",0.54,9
"B","I",0.54,10
"B","I",0.54,8
"B","I",0.545,9
"B","I",0.545,8
"B","I",0.545,8
"B","M",0.55,10
"B","I",0.55,9
"B","I",NA,NA
"B","I",0.55,8
"B","I",0.55,8
"B","I",0.555,9
"B","I",0.555,8
"B","I",0.555,11
"B","I",0.56,10
"B","I",0.56,8
"B","M",0.56,10
"B","I",0.565,9
"B","F",0.565,9
"B","M",0.565,9
"B","M",0.565,10
"B","F",0.57,8
"B","M",0.57,9
"B","I",0.57,9
"B","I",0.57,10
"B","I",0.57,9
"B","I",NA,NA
"B","M",NA,NA
"B","I",NA,NA
"B","F",0.575,10
"B","I",0.575,9
"B","M",0.575,10
"B","F",NA,NA
"B","I",0.575,9
"B","I",NA,NA
"B","F",0.575,8
"B","M",0.575,9
"B","M",0.575,13
"B","F",0.58,8
"B","M",0.58,10
"B","M",0.58,10
"B","I",0.58,9
"B","F",0.585,10
"B","M",NA,NA
"B","I",0.59,10
"B","I",NA,NA
"B","F",0.595,8
"B","M",0.595,10
"B","M",0.595,10
"B","I",0.595,8
"B","F",0.6,8
"B","F",0.6,9
"B","M",NA,NA
"B","I",0.6,8
"B","F",0.6,10
"B","M",0.6,9
"B","M",0.6,10
"B","F",0.605,9
"B","M",NA,NA
"B","I",0.605,9
"B","F",0.605,8
"B","F",0.605,9
"B","F",0.605,11
"B","M",0.61,10
"B","F",0.61,10
"B","F",0.61,12
"B","M",0.61,9
"B","F",0.61,10
"B","I",NA,NA
"B","M",0.61,9
"B","F",NA,NA
"B","M",0.615,10
"B","M",0.615,9
"B","I",0.62,12
"B","F",0.62,12
"B","M",0.62,13
"B","F",0.62,11
"B","I",0.62,11
"B","F",0.62,12
"B","I",0.62,9
"B","I",NA,NA
"B","M",0.62,12
"B","F",0.62,9
"B","M",0.625,11
"B","M",0.625,10
"B","M",0.625,9
"B","I",0.625,12
"B","F",NA,NA
"B","I",0.625,9
"B","M",0.63,9
"B","F",0.63,8
"B","M",0.63,11
"B","M",0.63,10
"B","M",0.63,11
"B","I",NA,NA
"B","M",0.635,12
"B","F",NA,NA
"B","F",0.635,9
"B","F",0.64,10
"B","M",0.64,10
"B","M",0.64,11
"B","M",0.645,10
"B","M",0.645,12
"B","M",NA,NA
"B","M",0.645,9
"B","M",0.645,10
"B","M",0.645,9
"B","F",NA,NA
"B","M",0.645,10
"B","F",0.645,10
"B","M",0.645,9
"B","F",0.645,12
"B","F",0.65,9
"B","M",0.65,11
"B","M",0.65,11
"B","M",0.65,9
"B","M",0.655,10
"B","F",0.655,9
"B","F",0.655,12
"B","F",0.655,11
"B","M",0.66,9
"B","F",0.66,12
"B","M",0.66,10
"B","M",0.66,14
"B","M",0.665,11
"B","M",0.665,11
"B","F",0.665,11
"B","M",0.665,12
"B","M",0.665,9
"B","M",NA,NA
"B","M",0.67,11
"B","F",0.67,13
"B","F",0.67,10
"B","F",0.67,11
"B","M",0.675,13
"B","F",0.675,10
"B","M",0.68,10
"B","F",0.68,11
"B","M",0.685,11
"B","F",0.685,11
"B","F",0.69,12
"B","M",0.7,10
"B","F",0.7,15
"B","F",0.705,11
"B","M",0.71,11
"B","F",0.71,12
"B","F",0.71,10
"B","M",0.71,11
"B","M",NA,NA
"C","M",0.72,13
"C","F",0.72,7
"C","F",0.725,14
"C","F",0.73,11
"C","M",0.735,11
"C","F",0.74,12
"C","F",0.75,11
"C","M",0.75,12
"C","M",0.77,12
"C","M",0.775,12
"C","I",0.275,5
"C","I",0.375,6
"C","F",NA,NA
"C","M",0.39,7
"C","I",0.435,8
"C","M",0.445,7
"C","I",0.455,6
"C","I",0.455,8
"C","I",0.455,8
"C","I",0.465,10
"C","M",0.465,7
"C","I",0.485,8
"C","M",0.485,9
"C","I",0.485,9
"C","F",0.49,8
"C","M",0.5,9
"C","M",NA,NA
"C","M",0.515,8
"C","M",NA,NA
"C","M",0.525,7
"C","M",0.53,8
"C","F",0.535,8
"C","I",0.535,8
"C","I",0.545,8
"C","F",NA,NA
"C","F",0.545,9
"C","F",NA,NA
"C","M",NA,NA
"C","M",0.57,9
"C","M",0.575,10
"C","I",0.575,10
"C","F",0.58,10
"C","M",0.585,10
"C","I",NA,NA
"C","M",0.6,11
"C","M",0.6,9
"C","M",0.605,9
"C","M",NA,NA
"C","F",NA,NA
"C","F",0.615,10
"C","M",0.62,10
"C","M",0.625,9
"C","M",0.625,11
"C","M",NA,NA
"C","F",0.635,10
"C","F",0.64,8
"C","M",0.645,9
"C","M",NA,NA
"C","M",0.65,10
"C","F",0.655,9
"C","M",0.655,10
"C","F",0.665,11
"C","F",0.675,10
"C","F",0.685,9
"C","F",0.695,10
"C","M",0.695,11
"C","F",0.705,13
"C","F",0.72,9
"C","M",0.72,11
"C","M",NA,NA
"C","I",NA,NA
"C","I",0.24,4
"C","I",0.31,7
"C","I",0.34,6
"C","I",0.35,7
"C","I",0.365,6
"C","I",0.365,7
"C","I",0.365,6
"C","I",0.39,8
"C","I",0.405,6
"C","I",0.41,7
"C","I",0.41,7
"C","I",0.415,6
"C","I",0.415,6
"C","I",0.415,8
"C","I",NA,NA
"C","I",0.43,8
"C","I",NA,NA
"C","I",0.435,7
"C","I",0.435,8
"C","I",0.435,7
"C","I",0.445,8
"C","I",0.465,7
"C","I",NA,NA
"C","I",0.475,9
"C","I",0.485,7
"C","I",0.485,8
"C","I",0.485,9
"C","I",0.495,8
"C","I",0.495,8
"C","I",NA,NA
"C","I",0.5,9
"C","I",0.505,11
"C","I",NA,NA
"C","F",0.51,10
"C","I",0.515,10
"C","I",NA,NA
"C","M",NA,NA
"C","I",0.52,8
"C","I",0.52,9
"C","I",0.52,9
"C","I",0.52,7
"C","I",0.52,10
"C","I",0.525,9
"C","I",0.525,8
"C","I",0.525,9
"C","I",NA,NA
"C","I",0.53,9
"C","I",0.53,9
"C","I",NA,NA
"C","I",0.535,9
"C","F",0.54,9
"C","I",0.54,9
"C","I",0.54,8
"C","I",0.545,10
"C","I",0.545,9
"C","I",0.55,10
"C","I",0.55,6
"C","M",0.555,8
"C","M",0.555,8
"C","M",0.555,7
"C","I",0.555,9
"C","M",0.555,9
"C","I",0.56,9
"C","F",0.565,11
"C","M",NA,NA
"C","M",0.565,11
"C","I",0.565,9
"C","M",0.565,9
"C","I",0.565,10
"C","M",0.57,11
"C","M",0.57,11
"C","M",0.57,9
"C","M",0.57,13
"C","F",0.57,9
"C","M",0.575,9
"C","M",0.575,9
"C","M",0.575,10
"C","M",NA,NA
"C","M",0.575,10
"C","F",0.575,9
"C","I",0.575,10
"C","I",0.575,11
"C","F",0.575,9
"C","M",NA,NA
"C","F",0.58,9
"C","F",0.58,10
"C","M",NA,NA
"C","I",0.58,10
"C","M",0.58,9
"C","M",0.595,10
"C","F",0.6,11
"C","M",0.6,11
"C","M",0.6,10
"C","F",NA,NA
"C","I",0.605,10
"C","F",0.605,9
"C","M",0.605,10
"C","M",0.61,8
"C","F",0.61,10
"C","F",0.61,8
"C","F",0.61,11
"C","M",0.615,11
"C","M",0.615,9
"C","F",0.615,12
"C","M",0.615,10
"C","M",0.62,11
"C","M",0.62,9
"C","F",0.62,11
"C","M",NA,NA
"C","M",0.62,9
"C","M",0.62,12
"C","M",0.625,11
"C","M",0.625,9
"C","M",0.625,10
"C","F",0.625,11
"C","F",0.625,11
"C","F",0.625,11
"C","M",0.63,9
"C","F",0.635,11
"C","F",0.635,11
"C","F",NA,NA
"C","M",0.635,12
"C","M",0.635,12
"C","M",0.635,10
"C","M",0.64,11
"C","F",0.64,10
"C","F",0.64,10
"C","I",0.64,10
"C","M",NA,NA
"C","F",NA,NA
"C","F",0.645,12
"C","M",0.645,11
"C","F",0.645,16
"C","I",0.65,10
"C","F",0.65,13
"C","F",0.65,10
"C","F",0.655,11
"C","F",0.655,10
"C","M",0.655,9
"C","F",NA,NA
"C","M",0.66,11
"C","F",0.665,10
"C","M",NA,NA
"C","M",NA,NA
"C","F",0.67,12
"C","M",NA,NA
"C","F",NA,NA
"C","M",0.68,12
"C","M",0.68,10
"C","M",0.685,10
"C","M",0.69,11
"C","M",0.695,13
"C","F",0.7,13
"C","M",0.7,12
"C","M",0.7,13
"C","F",0.705,10
"C","F",0.72,12
"C","M",0.72,11
"C","F",NA,NA
"C","F",0.75,11
"C","M",0.76,13
"C","I",0.135,4
"C","I",0.16,4
"C","I",0.21,5
"C","I",0.28,6
"C","I",0.28,7
"C","I",0.285,6
"C","I",0.29,5
"C","I",0.29,6
"C","I",0.29,6
"C","I",0.32,6
"C","I",0.325,7
"C","I",0.335,6
"C","I",0.35,7
"C","I",NA,NA
"C","I",0.355,9
"C","I",0.36,6
"C","I",0.36,7
"C","I",0.375,6
"C","I",0.375,7
"C","I",0.395,7
"C","I",0.405,7
"C","I",0.415,8
"C","I",0.425,7
"C","I",0.43,8
"C","I",NA,NA
"C","M",0.45,8
"C","I",0.46,7
"C","M",NA,NA
"C","I",0.47,10
"C","I",0.475,8
"C","M",0.505,9
"C","M",NA,NA
"C","M",0.505,10
"C","I",NA,NA
"C","M",0.515,9
"C","M",0.525,9
"C","F",0.53,9
"C","F",0.53,9
"C","M",0.545,11
"C","F",0.55,10
"C","F",0.56,9
"C","M",0.565,9
"C","F",0.57,10
"C","M",0.58,9
"C","M",0.59,10
"C","F",0.6,10
"C","M",0.605,12
"C","M",0.61,10
"C","F",0.625,14
"C","M",0.66,9
"C","I",0.255,5
"C","I",NA,NA
"C","I",0.28,5
"C","I",0.285,6
"C","I",0.32,8
"C","I",0.325,8
"C","I",0.385,8
"C","I",0.395,7
"C","F",0.4,7
"C","I",NA,NA
"C","I",0.415,7
"C","I",0.42,6
"C","I",0.44,9
"C","I",NA,NA
"C","M",0.45,8
"C","F",0.455,8
"C","M",NA,NA
"C","M",0.46,7
"C","M",NA,NA
"C","I",0.465,9
"C","F",0.475,7
"C","I",0.48,8
"C","M",0.485,8
"C","I",NA,NA
"C","M",0.5,9
"C","F",0.5,8
"C","M",0.505,7
"C","M",0.525,8
"C","M",0.535,8
"C","F",0.535,8
"C","F",0.54,10
"C","F",0.54,9
"C","F",0.545,9
"C","M",0.55,9
"C","I",NA,NA
"C","F",NA,NA
"C","M",0.58,8
"C","F",0.58,7
"C","F",0.585,11
"C","M",0.595,9
"C","F",0.6,10
"C","F",0.61,8
"C","M",0.61,8
"C","F",NA,NA
"C","M",0.645,9
"C","M",0.65,8
"C","F",0.665,10
"C","M",0.685,11
"C","F",0.69,12
"C","F",0.705,10
"C","F",0.71,10
"C","M",0.72,11
"C","F",0.72,12
"C","F",0.73,10
"C","M",0.775,17
"C","F",0.505,8
"C","M",0.53,10
"C","F",0.505,11
"C","I",0.405,7
"C","M",0.415,7
"C","M",0.5,11
"C","M",0.425,7
"C","M",0.47,8
"C","F",0.4,10
"C","I",0.37,10
"C","M",0.5,19
"C","I",0.41,9
"C","M",0.375,9
"C","F",0.49,11
"C","M",0.585,10
"C","M",0.595,14
"C","F",0.675,15
"C","M",0.665,27
"C","M",0.62,13
"C","I",0.325,5
"C","I",0.455,9
"C","M",0.525,8
"C","I",0.385,7
"C","I",0.13,4
"C","I",0.18,3
"C","I",0.31,6
"C","F",0.375,7
"C","F",0.48,8
"C","I",0.455,9
"C","M",0.425,7
"C","I",0.475,9
"C","F",0.435,11
"C","F",0.29,6
"C","M",0.385,7
"C","M",NA,NA
"C","F",0.5,10
"C","I",0.4,7
"C","M",0.62,12
"C","M",NA,NA
"C","M",0.585,9
"C","M",0.32,6
"C","F",0.52,10
"C","M",0.44,9
"C","F",0.44,8
"C","M",0.565,12
"C","F",NA,NA
"C","F",0.59,10
"C","F",0.57,16
"C","M",NA,NA
"C","F",0.45,10
"C","I",NA,NA
"C","I",0.46,9
"C","M",0.47,10
"C","M",0.455,9
"C","F",0.415,9
"C","M",0.465,11
"C","M",0.46,12
"C","M",0.415,8
"C","M",0.27,7
"C","M",0.445,10
"C","F",NA,NA
"C","F",0.4,8
"C","I",0.28,5
"C","M",0.55,10
"C","M",0.58,16
"C","M",0.61,12
"C","M",0.62,17
"C","M",0.56,14
"C","F",0.64,12
"C","M",0.69,19
"C","F",0.715,17
"C","F",0.71,11
"C","F",0.55,9
"C","M",0.375,5
"C","F",0.61,9
"C","I",0.38,6
"C","F",0.37,5
"C","M",0.335,6
"C","I",0.165,4
"C","M",0.285,7
"C","I",0.19,6
"C","I",0.215,5
"C","M",NA,NA
"C","F",0.645,13
"C","M",0.575,12
"C","F",0.57,20
"C","F",0.58,14
"C","F",0.595,15
"C","F",0.595,14
"C","F",0.625,21
"C","M",0.535,16
"C","M",0.55,13
"C","M",0.495,6
"C","I",NA,NA
"C","M",0.445,9
"C","F",NA,NA
"C","M",0.495,14
"C","M",0.47,12
"C","F",NA,NA
"C","M",0.58,11
"C","M",0.645,15
"C","F",0.575,14
"C","I",0.215,6
"C","I",0.43,13
"C","I",0.26,5
"C","I",0.37,11
"C","I",0.405,10
"C","I",0.27,6
"C","F",0.68,21
"C","F",0.65,13
"C","F",0.645,25
"C","M",0.57,19
"C","M",0.615,18
"C","M",0.42,7
"C","I",0.275,6
"C","F",0.29,5
"C","M",0.42,8
"C","F",0.625,16
"C","F",0.55,27
"C","M",0.66,18
"C","M",NA,NA
"C","F",0.595,13
"C","M",0.63,17
"C","F",0.43,8
"C","F",0.455,10
"C","I",0.33,7
"C","F",0.515,13
"C","M",0.495,14
"C","F",0.485,13
"C","F",0.535,8
"C","M",0.58,17
"C","F",0.625,13
"C","F",0.555,14
"C","F",0.55,9
"C","M",0.59,13
"C","I",0.355,7
"C","I",0.275,7
"C","F",0.505,12
"C","M",0.37,7
"C","M",0.555,13
"C","F",0.505,9
"C","F",0.56,9
"C","M",0.595,17
"C","F",NA,NA
"C","M",NA,NA
"C","F",0.56,15
"C","M",0.585,17
"C","I",NA,NA
"C","F",0.46,8
"C","M",0.415,12
"C","F",0.435,11
"C","F",0.475,7
"C","M",NA,NA
"C","I",0.355,11
"C","M",NA,NA
"C","F",0.38,10
"C","F",0.47,9
"C","M",0.36,6
"C","F",0.585,12
"C","M",0.655,11
"C","M",0.6,13
"C","F",0.57,14
"C","F",0.645,11
"C","M",0.65,14
"C","M",0.51,12
"C","M",0.52,8
"C","M",0.495,13
"C","M",0.43,8
"C","F",0.59,13
"C","M",0.55,10
"C","M",0.585,11
"C","F",NA,NA
"C","F",0.62,13
"C","I",0.59,14
"C","F",0.72,13
"C","F",NA,NA
"C","F",0.61,15
"C","F",0.545,13
"C","M",0.57,12
"C","F",0.6,18
"C","F",0.52,14
"C","M",0.635,15
"C","F",0.67,13
"C","M",0.695,15
"C","M",0.655,20
"C","F",NA,NA
"C","F",0.6,19
"C","M",0.51,9
"C","M",0.525,10
"C","M",0.44,9
"C","I",0.485,8
"C","F",0.495,10
"C","I",0.435,7
"C","I",0.405,9
"C","I",0.42,9
"C","F",NA,NA
"C","F",0.385,7
"C","I",0.33,6
"C","F",0.58,10
"C","I",0.325,6
"C","M",0.475,10
"C","F",0.38,9
"C","I",0.34,6
"C","M",0.525,12
"C","F",0.52,10
"C","F",0.535,13
"C","M",0.475,8
"C","I",0.415,7
"C","I",0.495,8
"C","F",0.48,10
"C","F",0.52,10
"C","M",0.46,9
"C","F",0.58,11
"C","M",0.59,11
"C","F",0.55,23
"C","F",0.65,12
"C","F",0.465,16
"C","M",0.455,11
"C","M",0.47,13
"C","F",0.435,13
"C","M",0.35,7
"C","I",0.315,8
"C","M",0.595,16
"C","F",0.58,14
"C","M",0.575,17
"C","M",0.535,13
"C","M",0.515,13
"C","F",0.505,12
"C","F",0.505,15
"C","I",0.4,10
"C","M",0.49,14
"C","M",0.53,12
"C","I",0.395,8
"C","F",0.665,17
"C","F",0.415,10
"C","M",NA,NA
"C","M",0.475,13
"C","F",0.525,15
"C","I",0.48,15
"C","I",0.42,9
"C","M",0.59,15
"C","F",0.515,9
"C","M",NA,NA
"C","F",0.8,23
"C","M",0.61,23
"C","F",0.565,18
"C","M",0.56,11
"C","M",0.655,17
"C","M",0.64,17
"C","F",0.59,11
"C","I",0.31,7
"C","I",0.255,6
"C","I",0.17,6
"C","M",0.67,21
"C","F",0.71,17
"C","F",0.56,13
"C","M",0.505,11
"C","M",0.525,16
"C","F",0.45,9
"C","F",0.515,12
"C","M",NA,NA
"C","M",0.7,18
"C","F",0.72,17
"C","M",0.635,11
"C","M",0.555,13
"C","M",0.575,13
"C","M",0.585,17
"C","F",0.61,20
"C","F",0.645,13
"C","F",0.545,11
"C","M",0.55,12
"C","F",0.66,18
"C","M",0.57,18
"C","F",0.6,15
"C","F",NA,NA
"C","M",0.695,19
"C","M",0.65,15
"C","F",NA,NA
"C","I",0.56,12
"C","I",0.42,8
"C","M",0.18,3
"C","F",0.405,12
"C","F",0.5,12
"C","I",NA,NA
"C","M",0.34,10
"C","F",0.43,8
"C","I",0.535,12
"C","I",0.415,12
"C","F",0.36,10
"C","M",0.175,5
"C","M",0.155,5
"C","I",0.525,11
"C","F",0.525,16
"C","F",0.44,11
"C","F",0.45,12
"C","F",0.485,14
"C","I",0.47,11
"C","I",0.515,10
"C","M",0.42,11
"C","F",0.455,16
"C","M",NA,NA
"C","M",0.33,10
"C","I",0.3,7
"C","I",0.625,14
"C","I",0.61,14
"C","I",0.625,14
"C","I",0.635,17
"C","I",0.5,14
"C","F",0.53,17
"C","I",0.445,13
"C","F",0.585,12
"C","I",0.44,16
"C","M",0.29,10
"C","I",0.555,15
"C","I",0.655,15
"C","F",0.58,10
"C","I",0.625,12
"C","I",0.62,15
"C","F",0.64,8
"C","F",NA,NA
"C","I",NA,NA
"C","M",0.31,7
"C","F",0.505,12
"C","I",0.42,9
"C","M",0.4,10
"C","M",0.425,18
"C","M",NA,NA
"C","F",NA,NA
"C","F",0.465,10
"C","M",NA,NA
"C","I",0.52,15
"C","F",0.475,12
"C","F",0.41,10
"C","M",0.26,6
"C","I",NA,NA
"C","I",0.565,14
"C","M",NA,NA
"C","F",0.53,10
"C","M",0.34,9
"C","I",0.52,11
"C","F",0.635,18
"C","F",0.61,11
"C","F",0.66,16
"C","I",0.635,16
"C","F",NA,NA
"C","M",0.515,23
"C","I",NA,NA
"C","F",0.515,16
"C","F",0.345,9
"C","M",0.465,13
"C","M",0.54,10
"C","M",0.475,9
"C","F",0.445,11
"C","M",0.5,9
"C","M",0.5,12
"C","F",0.55,14
"C","I",0.275,6
"C","F",NA,NA
"C","F",0.37,9
"C","F",0.42,10
"C","M",0.35,10
"C","M",0.395,9
"C","I",0.325,8
"C","I",0.275,5
"C","I",0.235,6
"C","I",0.25,5
"C","I",0.25,5
"C","I",0.2,4
"C","F",0.585,20
"C","M",0.445,14
"C","F",0.5,13
"C","M",0.44,8
"C","M",0.515,17
"C","F",0.52,11
"C","M",0.5,11
"C","M",NA,NA
"C","M",0.51,16
"C","F",0.37,8
"C","M",0.54,13
"C","M",0.615,11
"C","M",0.565,20
"C","M",0.645,14
"C","F",0.615,14
"C","M",0.605,14
"C","F",NA,NA
"C","M",0.645,18
"C","M",0.57,13
"C","F",0.47,8
"C","F",0.5,14
"C","F",0.52,13
"C","M",0.39,8
"C","M",0.52,12
"C","F",0.54,14
"C","M",0.46,14
"C","I",NA,NA
"C","F",0.49,13
"C","F",0.63,11
"C","M",NA,NA
"C","M",NA,NA
"C","M",NA,NA
"C","F",0.515,10
"C","F",0.475,11
"C","I",0.42,8
"C","M",NA,NA
"C","M",0.45,12
"C","F",0.52,15
"C","M",0.505,12
"C","M",0.495,15
"C","M",0.54,19
"C","F",0.48,12
"C","F",0.33,9
"C","I",0.285,5
"C","I",0.3,6
"C","I",0.31,6
"C","I",0.34,6
"C","I",0.375,7
"C","I",0.415,7
"C","I",0.415,6
"C","I",0.415,6
"C","I",0.42,8
"C","I",0.425,6
"C","M",0.465,8
"C","F",0.465,8
"C","I",0.47,8
"C","F",0.47,8
"C","I",0.475,10
"C","M",0.48,7
"C","M",0.5,8
"C","I",0.505,7
"C","M",0.525,9
"C","M",0.54,9
"C","M",0.545,11
"C","F",0.565,9
"C","M",0.58,11
"C","M",0.59,9
"C","M",NA,NA
"C","M",0.595,10
"C","F",0.6,9
"C","F",0.6,8
"C","F",NA,NA
"C","M",0.605,10
"C","F",0.625,10
"C","M",0.63,10
"C","M",0.64,12
"C","F",0.64,11
"C","F",0.655,12
"C","I",0.66,11
"C","M",0.66,15
"C","F",0.675,13
"C","F",0.675,13
"C","F",0.69,9
"C","F",0.695,14
"C","F",0.7,10
"C","F",0.73,10
"C","I",0.205,4
"C","I",0.225,4
"C","I",0.23,5
"C","I",0.275,4
"C","I",0.28,5
"C","I",0.28,5
"C","I",0.295,6
"C","I",0.31,6
"C","I",0.315,7
"C","I",0.34,7
"C","I",0.37,6
"C","I",0.38,6
"C","I",0.39,7
"C","I",NA,NA
"C","I",NA,NA
"C","I",0.44,7
"C","I",0.44,6
"C","I",0.44,6
"C","I",NA,NA
"C","I",0.45,6
"C","I",0.45,8
"C","F",0.455,7
"C","F",0.46,6
"C","I",0.46,7
"C","I",0.46,6
"C","I",0.465,7
"C","M",0.465,9
"C","I",NA,NA
"C","I",0.475,8
"C","M",0.48,8
"C","M",0.5,7
"C","I",0.5,7
"C","I",NA,NA
"C","M",0.515,9
"C","M",0.525,7
"C","M",NA,NA
"C","F",0.53,6
"C","M",0.53,6
"C","F",0.53,8
"C","M",0.54,9
"C","F",0.55,8
"C","F",0.555,7
"C","F",0.57,9
"C","F",0.57,8
"C","M",0.575,7
"C","F",0.58,8
"C","F",NA,NA
"C","M",NA,NA
"C","F",0.595,9
"C","F",0.595,9
"C","F",0.595,11
"C","F",0.6,8
"C","F",NA,NA
"C","M",0.6,9
"C","M",NA,NA
"C","F",0.615,10
"C","F",0.615,10
"C","M",0.615,8
"C","F",0.62,9
"C","F",0.62,10
"C","F",0.62,9
"C","M",0.625,10
"C","F",0.625,9
"C","F",0.625,8
"C","F",0.63,11
"C","F",0.63,9
"C","M",NA,NA
"C","F",NA,NA
"C","F",0.635,11
"C","M",0.645,9
"C","M",0.645,12
"C","F",0.65,9
"C","M",0.67,9
"C","F",0.69,13
"C","M",0.69,8
"C","F",0.695,10
"C","M",0.695,12
"C","F",NA,NA
"C","F",NA,NA
"C","M",NA,NA
"C","M",0.77,10
"C","I",0.22,4
"C","I",0.275,5
"C","I",0.29,5
"C","I",0.33,6
"C","I",0.355,6
"C","I",0.375,6
"C","I",0.415,8
"C","I",0.425,6
"C","I",0.425,7
"C","I",0.43,7
"C","I",0.44,7
"C","I",0.44,7
"C","I",0.46,7
"C","I",NA,NA
"C","I",0.465,7
"C","I",0.475,7
"C","I",0.475,7
"C","I",0.485,8
"C","I",0.49,8
"C","M",NA,NA
"C","I",0.495,7
"C","I",0.5,8
"C","M",0.5,9
"C","M",0.505,7
"C","I",0.51,8
"C","I",0.51,8
"C","I",0.515,9
"C","I",0.52,9
"C","F",0.545,9
"C","M",0.545,7
"C","M",NA,NA
"C","F",0.545,9
"C","I",0.55,8
"C","F",0.55,8
"C","I",0.555,8
"C","M",NA,NA
"C","F",0.57,9
"C","M",0.57,9
"C","F",0.57,9
"C","F",0.575,8
"C","M",NA,NA
"C","F",0.585,7
"C","F",0.585,8
"C","M",NA,NA
"C","M",0.59,9
"C","F",0.59,8
"C","F",0.595,8
"C","M",0.595,9
"C","M",0.595,9
"C","M",0.6,10
"C","F",NA,NA
"C","F",NA,NA
"C","M",0.615,7
"C","F",0.615,9
"C","M",0.615,10
"C","M",0.62,9
"C","M",0.62,10
"C","M",0.625,11
"C","F",0.625,9
"C","M",0.625,10
"C","M",0.63,11
"C","M",0.63,10
"C","M",0.63,8
"C","M",0.645,9
"C","M",0.645,9
"C","F",0.645,9
"C","M",0.65,9
"C","M",0.65,9
"C","F",0.65,10
"C","M",0.65,9
"C","F",0.65,9
"C","M",0.66,10
"C","F",0.665,9
"C","M",0.67,11
"C","M",0.67,13
"C","F",0.675,13
"C","M",0.68,11
"C","M",0.68,11
"C","M",0.7,10
"C","M",0.7,13
"C","F",0.725,11
"C","M",NA,NA
"C","M",0.735,11
"C","F",0.74,12
"C","M",0.75,11
"C","I",0.19,3
"C","I",0.21,4
"C","I",0.25,4
"C","I",0.29,5
"C","I",0.335,6
"C","I",NA,NA
"C","I",0.345,6
"C","I",NA,NA
"C","I",0.36,5
"C","I",0.37,7
"C","I",0.375,8
"C","I",0.375,7
"C","I",0.385,7
"C","I",0.385,8
"C","I",0.395,8
"C","I",NA,NA
"C","I",0.405,7
"C","I",0.405,8
"C","I",NA,NA
"C","I",0.405,6
"C","I",0.41,8
"C","I",0.41,8
"C","I",0.415,7
"C","I",0.42,8
"C","I",0.42,8
"C","I",0.43,7
"C","I",0.445,9
"C","M",0.45,8
"C","I",0.45,7
"C","I",0.455,8
"C","I",0.46,8
"C","I",0.46,8
"C","I",0.475,7
"C","M",0.48,11
"C","I",0.485,8
"C","I",0.485,8
"C","I",0.49,10
"C","I",NA,NA
"C","I",0.505,9
"C","I",0.51,8
"C","F",0.515,9
"C","M",0.515,7
"C","I",0.515,8
"C","I",0.525,8
"C","F",NA,NA
"C","I",NA,NA
"C","I",0.525,9
"C","M",0.535,10
"C","F",0.545,8
"C","I",0.55,10
"C","I",0.55,10
"C","I",0.55,9
"C","I",0.55,10
"C","I",0.55,9
"C","I",0.555,11
"C","F",NA,NA
"C","I",0.56,10
"C","I",NA,NA
"C","I",NA,NA
"C","F",0.57,10
"C","F",0.575,9
"C","M",0.58,10
"C","F",0.58,11
"C","F",0.58,9
"C","I",0.585,10
"C","M",NA,NA
"C","I",0.585,9
"C","F",0.585,8
"C","M",0.59,9
"C","M",0.59,10
"C","M",NA,NA
"C","M",0.6,8
"C","M",0.6,11
"C","M",0.6,9
"C","M",0.6,9
"C","M",0.61,10
"C","F",0.61,11
"C","F",0.615,10
"C","F",0.62,9
"C","F",0.62,10
"C","M",0.625,10
"C","M",0.625,10
"C","M",0.63,12
"C","F",0.63,10
"C","M",0.63,12
"C","M",0.63,10
"C","M",0.64,11
"C","M",0.64,10
"C","M",0.64,10
"C","F",0.64,11
"C","M",0.64,10
"C","M",0.65,9
"C","M",0.65,12
"C","F",0.66,9
"C","F",0.66,11
"C","F",0.675,9
"C","M",0.7,13
"C","F",0.705,9
"C","M",0.71,11
"C","M",NA,NA
"C","M",0.725,9
"C","I",0.24,5
"C","I",0.255,4
"C","I",NA,NA
"C","I",0.32,7
"C","I",0.325,6
"C","I",0.33,7
"C","I",0.36,8
"C","I",0.375,5
"C","I",0.375,6
"C","I",0.39,7
"C","I",0.45,7
"C","I",0.455,7
"C","I",0.46,7
"C","I",0.495,8
"C","M",0.5,9
"C","I",0.5,8
"C","M",0.52,9
"C","I",0.52,7
"C","F",0.525,9
"C","M",0.535,7
"C","F",0.54,9
"C","F",0.54,9
"C","F",0.57,8
"C","M",0.57,8
"C","M",0.58,9
"C","F",NA,NA
"C","M",0.59,9
"C","F",0.59,10
"C","M",0.59,9
"C","M",0.595,9
"C","M",0.6,9
"C","M",0.6,10
"C","M",0.605,10
"C","F",0.62,10
"C","M",0.625,10
"C","M",0.625,8
"C","F",NA,NA
"C","M",0.63,10
"C","M",0.63,10
"C","F",0.635,12
"C","F",0.645,9
"C","F",0.645,8
"C","F",0.65,11
"C","F",0.655,11
"C","F",0.655,11
"C","M",0.665,11
"C","M",0.695,11
"C","F",NA,NA
"C","F",0.72,10
"C","F",NA,NA
"C","M",0.735,10
"C","M",0.74,11
"C","I",0.31,6
"C","I",0.315,4
"C","I",0.32,5
"C","I",0.325,6
"C","I",0.335,7
"C","I",0.37,5
"C","I",0.37,7
"C","I",0.375,7
"C","I",0.4,8
"C","I",0.41,6
"C","I",0.425,8
"C","I",0.435,7
"C","I",0.445,7
"C","I",0.46,9
"C","F",0.465,8
"C","I",0.47,8
"C","I",0.475,8
"C","I",0.495,8
"C","I",0.5,9
"C","I",0.5,8
"C","I",0.505,9
"C","I",0.505,8
"C","M",0.505,8
"C","I",0.51,9
"C","I",0.51,8
"C","I",0.52,8
"C","M",NA,NA
"C","I",0.53,8
"C","M",0.53,10
"C","F",0.535,8
"C","I",0.54,11
"C","I",0.54,10
"C","I",0.545,8
"C","I",0.545,10
"C","I",0.55,8
"C","I",0.55,8
"C","F",0.55,9
"C","I",NA,NA
"C","I",0.56,9
"C","F",0.575,8
"C","I",0.575,9
"C","M",NA,NA
"C","M",0.58,8
"C","M",0.58,10
"C","F",0.58,9
"C","F",NA,NA
"C","M",0.58,11
"C","F",0.58,11
"C","I",0.585,9
"C","M",0.59,9
"C","I",0.59,9
"C","I",0.59,10
"C","M",0.595,10
"C","M",0.595,10
"C","I",NA,NA
"C","F",0.6,10
"C","M",0.6,10
"C","F",0.6,9
"C","M",0.6,11
"C","F",0.605,13
"C","M",0.605,9
"C","I",0.605,10
"C","I",0.61,11
"C","F",0.61,12
"C","M",0.61,11
"C","I",0.61,11
"C","F",0.615,11
"C","F",0.615,9
"C","M",NA,NA
"C","F",0.615,10
"C","F",0.62,9
"C","M",0.62,10
"C","M",NA,NA
"C","M",0.625,10
"C","F",0.625,11
"C","F",0.625,10
"C","M",0.625,10
"C","F",NA,NA
"C","M",0.63,9
"C","F",0.63,10
"C","M",NA,NA
"C","F",0.635,11
"C","M",0.635,11
"C","M",0.635,10
"C","F",0.635,8
"C","M",0.635,11
"C","M",NA,NA
"C","M",0.64,11
"C","F",0.645,12
"C","F",0.645,11
"C","M",0.645,12
"C","M",0.65,15
"C","F",0.65,12
"C","F",0.655,11
"C","F",0.655,12
"C","F",0.66,13
"C","F",0.66,10
"C","F",0.665,10
"C","I",0.67,9
"C","F",0.67,12
"C","M",NA,NA
"C","M",0.67,9
"C","M",0.67,10
"C","M",0.68,11
"C","F",0.68,12
"C","M",0.685,10
"C","M",0.69,13
"C","M",0.715,11
"C","M",0.72,13
"C","M",0.735,12
"C","M",0.745,12
"C","I",NA,NA
"C","I",0.43,8
"C","I",0.43,6
"C","M",0.485,8
"C","M",0.49,8
"C","I",0.5,7
"C","F",0.505,8
"C","F",0.51,9
"C","F",0.525,8
"C","F",NA,NA
"C","I",0.535,8
"C","M",NA,NA
"C","M",0.555,10
"C","M",0.555,9
"C","M",0.56,9
"C","F",0.59,9
"C","M",0.595,8
"C","I",NA,NA
"C","F",0.595,11
"C","M",0.61,9
"C","M",NA,NA
"C","F",0.62,10
"C","F",0.625,9
"C","F",0.635,9
"C","F",NA,NA
"C","M",NA,NA
"C","M",0.64,11
"C","M",0.645,10
"C","F",0.655,10
"C","F",NA,NA
"C","M",0.68,13
"C","M",0.7,11
"D","M",0.73,14
"D","F",0.75,12
"D","I",NA,NA
"D","I",0.375,6
"D","I",NA,NA
"D","I",0.39,7
"D","I",0.39,8
"D","I",0.395,6
"D","I",0.42,6
"D","I",0.435,7
"D","I",0.435,8
"D","I",0.44,9
"D","I",0.45,8
"D","I",NA,NA
"D","I",0.455,9
"D","I",0.46,8
"D","I",NA,NA
"D","I",0.475,9
"D","I",NA,NA
"D","I",NA,NA
"D","I",0.5,8
"D","I",0.515,7
"D","I",0.52,11
"D","I",0.52,11
"D","I",0.525,8
"D","I",NA,NA
"D","M",0.535,8
"D","M",0.54,10
"D","I",0.55,10
"D","I",0.55,11
"D","M",0.56,9
"D","I",0.565,9
"D","M",0.57,10
"D","F",0.57,10
"D","M",0.575,9
"D","I",0.575,8
"D","M",0.575,10
"D","I",0.575,9
"D","F",0.58,10
"D","M",0.585,11
"D","M",0.59,9
"D","I",0.59,8
"D","M",0.59,9
"D","M",0.595,12
"D","M",0.595,9
"D","F",0.595,9
"D","F",0.6,11
"D","M",0.6,12
"D","F",0.61,11
"D","M",0.615,11
"D","M",0.615,13
"D","I",0.62,11
"D","F",NA,NA
"D","M",0.63,11
"D","M",0.63,10
"D","F",0.635,11
"D","F",0.635,9
"D","M",0.635,9
"D","F",0.64,11
"D","F",0.64,9
"D","M",0.65,11
"D","M",0.65,12
"D","M",0.655,11
"D","F",0.655,9
"D","F",0.655,11
"D","F",0.66,10
"D","M",0.665,10
"D","M",0.675,11
"D","F",0.68,11
"D","F",0.68,11
"D","M",0.685,10
"D","F",0.695,11
"D","F",0.7,11
"D","M",0.71,13
"D","F",0.73,14
"D","F",NA,NA
"D","I",0.225,4
"D","I",0.23,5
"D","I",0.255,6
"D","I",0.355,7
"D","I",0.425,7
"D","I",0.425,8
"D","M",0.455,8
"D","M",0.46,10
"D","M",0.495,10
"D","M",NA,NA
"D","F",0.52,11
"D","M",0.525,9
"D","M",0.53,9
"D","F",0.53,9
"D","M",0.545,11
"D","F",NA,NA
"D","M",0.575,9
"D","M",0.58,10
"D","M",0.595,11
"D","M",0.6,8
"D","M",0.645,11
"D","M",0.66,10
"D","I",0.29,5
"D","I",0.3,5
"D","I",0.37,5
"D","I",0.375,7
"D","I",0.38,7
"D","I",0.395,8
"D","I",0.41,8
"D","I",0.415,7
"D","I",NA,NA
"D","I",NA,NA
"D","I",0.44,6
"D","M",0.465,10
"D","F",NA,NA
"D","M",0.51,8
"D","F",0.525,10
"D","F",0.525,9
"D","F",NA,NA
"D","M",0.56,8
"D","M",0.575,9
"D","F",0.575,10
"D","M",0.585,10
"D","M",0.615,11
"D","F",0.62,9
"D","F",NA,NA
"D","F",0.63,10
"D","M",NA,NA
"D","M",0.675,11
"D","F",0.685,10
"D","F",0.485,9
"D","M",0.46,8
"D","M",0.46,9
"D","M",0.535,11
"D","M",0.465,10
"D","M",NA,NA
"D","I",0.335,11
"D","M",0.55,20
"D","I",0.18,5
"D","I",0.215,5
"D","I",NA,NA
"D","F",0.625,9
"D","M",0.55,13
"D","M",0.585,14
"D","F",NA,NA
"D","F",0.71,12
"D","F",NA,NA
"D","F",0.655,10
"D","F",0.665,21
"D","F",NA,NA
"D","M",0.425,9
"D","M",0.54,7
"D","M",0.505,9
"D","M",0.535,10
"D","F",0.43,9
"D","M",0.55,9
"D","F",0.34,6
"D","I",0.275,7
"D","F",0.335,6
"D","M",0.64,15
"D","F",0.55,9
"D","F",0.64,13
"D","F",0.545,9
"D","F",0.64,18
"D","M",0.605,15
"D","M",0.605,15
"D","M",0.56,10
"D","F",0.57,14
"D","M",0.525,13
"D","F",0.505,11
"D","M",0.35,6
"D","M",0.45,9
"D","I",0.51,11
"D","F",0.49,12
"D","F",0.505,15
"D","M",0.38,8
"D","I",0.27,8
"D","F",NA,NA
"D","M",0.5,11
"D","M",0.645,10
"D","M",0.565,11
"D","F",0.67,13
"D","F",0.59,11
"D","F",NA,NA
"D","F",0.51,8
"D","M",0.72,16
"D","M",NA,NA
"D","I",0.2,5
"D","M",0.65,13
"D","F",0.525,14
"D","M",0.565,20
"D","F",NA,NA
"D","F",0.545,18
"D","I",NA,NA
"D","I",0.31,7
"D","M",0.45,11
"D","F",0.49,9
"D","F",0.505,10
"D","F",0.385,6
"D","F",0.62,17
"D","F",0.635,17
"D","F",NA,NA
"D","M",NA,NA
"D","I",0.295,8
"D","I",0.48,15
"D","I",0.32,9
"D","I",0.43,14
"D","M",0.565,12
"D","F",0.6,10
"D","F",0.585,14
"D","F",0.555,13
"D","F",0.57,14
"D","F",0.62,11
"D","M",0.63,16
"D","M",0.425,10
"D","F",0.64,14
"D","M",0.675,16
"D","M",0.5,11
"D","M",0.385,9
"D","M",0.52,18
"D","M",0.52,8
"D","M",0.64,16
"D","I",0.44,9
"D","F",0.42,10
"D","F",0.45,13
"D","I",0.42,9
"D","F",0.64,12
"D","M",0.57,11
"D","M",0.41,12
"D","M",NA,NA
"D","F",0.61,12
"D","F",0.59,13
"D","M",0.665,14
"D","I",0.345,8
"D","M",NA,NA
"D","M",0.695,14
"D","F",NA,NA
"D","M",0.555,15
"D","M",0.65,14
"D","M",0.635,15
"D","F",0.655,14
"D","F",NA,NA
"D","F",0.695,13
"D","M",0.55,13
"D","F",0.61,15
"D","M",0.595,11
"D","M",0.3,6
"D","F",0.435,9
"D","I",NA,NA
"D","M",0.48,12
"D","I",0.43,6
"D","F",NA,NA
"D","I",0.3,5
"D","F",0.575,12
"D","M",0.505,9
"D","M",0.455,7
"D","M",0.64,18
"D","F",0.56,13
"D","F",NA,NA
"D","F",0.595,14
"D","M",0.565,17
"D","F",0.655,12
"D","M",0.48,14
"D","F",0.495,11
"D","F",0.4,10
"D","M",0.41,11
"D","F",0.595,12
"D","F",0.625,13
"D","M",0.52,17
"D","M",0.465,11
"D","F",0.475,13
"D","F",0.5,18
"D","M",0.46,12
"D","M",0.485,12
"D","F",0.465,15
"D","M",0.525,12
"D","F",0.655,18
"D","M",0.69,24
"D","M",0.55,11
"D","F",0.58,13
"D","F",0.59,11
"D","M",0.565,11
"D","F",0.665,13
"D","F",NA,NA
"D","M",0.55,12
"D","F",NA,NA
"D","M",0.535,15
"D","F",0.51,12
"D","M",0.53,9
"D","F",0.495,11
"D","M",0.575,13
"D","F",NA,NA
"D","M",0.59,14
"D","F",NA,NA
"D","M",0.645,17
"D","F",0.62,13
"D","M",0.605,16
"D","F",0.615,16
"D","F",0.66,11
"D","F",0.71,15
"D","F",0.565,12
"D","F",0.57,16
"D","I",0.6,16
"D","I",0.41,10
"D","F",NA,NA
"D","M",0.275,5
"D","I",0.485,9
"D","F",0.62,13
"D","F",0.48,12
"D","F",0.505,17
"D","M",0.4,11
"D","I",0.45,11
"D","M",0.35,9
"D","M",0.44,16
"D","M",0.265,7
"D","M",0.165,4
"D","F",0.705,19
"D","F",0.535,16
"D","I",0.49,11
"D","F",0.48,15
"D","F",0.395,12
"D","I",0.375,12
"D","M",0.345,10
"D","I",0.55,12
"D","I",0.635,16
"D","I",0.575,13
"D","F",0.545,10
"D","F",0.385,10
"D","F",0.51,11
"D","I",0.44,13
"D","I",0.45,12
"D","I",0.39,8
"D","F",0.425,12
"D","F",0.45,11
"D","I",0.66,15
"D","F",0.685,16
"D","F",0.585,12
"D","I",0.54,17
"D","F",0.49,12
"D","M",0.43,14
"D","F",0.455,13
"D","I",0.495,13
"D","F",NA,NA
"D","I",0.47,14
"D","M",0.415,11
"D","I",0.49,13
"D","I",0.47,10
"D","I",0.445,11
"D","F",0.51,13
"D","F",0.52,15
"D","I",0.475,8
"D","F",0.455,10
"D","I",0.435,10
"D","I",0.39,6
"D","I",0.375,8
"D","M",0.285,5
"D","I",0.58,20
"D","F",0.58,19
"D","M",0.41,9
"D","M",0.41,9
"D","I",0.54,10
"D","M",0.33,11
"D","I",0.44,11
"D","M",0.28,5
"D","I",NA,NA
"D","I",0.61,13
"D","I",0.61,17
"D","M",0.455,12
"D","M",NA,NA
"D","I",0.44,16
"D","M",0.54,19
"D","F",0.475,10
"D","F",0.46,10
"D","I",0.31,6
"D","I",0.255,5
"D","M",0.335,8
"D","I",0.295,8
"D","I",0.19,5
"D","M",0.545,19
"D","M",0.495,15
"D","M",0.5,14
"D","F",0.305,7
"D","F",NA,NA
"D","M",0.515,13
"D","M",0.545,18
"D","M",NA,NA
"D","M",NA,NA
"D","M",0.56,10
"D","M",0.545,13
"D","M",0.645,19
"D","M",0.575,10
"D","M",0.62,13
"D","F",0.605,13
"D","M",NA,NA
"D","F",0.475,12
"D","M",0.365,9
"D","F",0.46,8
"D","M",0.53,10
"D","M",0.48,18
"D","M",0.455,13
"D","I",0.35,9
"D","M",0.37,8
"D","I",0.34,7
"D","I",0.35,8
"D","I",0.35,6
"D","I",0.39,7
"D","I",0.395,7
"D","I",0.415,6
"D","I",0.43,7
"D","I",0.48,8
"D","M",0.49,9
"D","F",0.49,7
"D","F",0.56,9
"D","M",0.56,7
"D","M",0.58,9
"D","F",0.58,8
"D","M",0.59,8
"D","F",0.595,10
"D","M",0.6,11
"D","M",0.61,9
"D","F",0.63,11
"D","M",0.64,10
"D","F",0.65,10
"D","M",0.71,13
"D","M",NA,NA
"D","I",NA,NA
"D","I",0.28,6
"D","I",0.325,6
"D","I",0.35,5
"D","I",0.36,6
"D","I",0.365,6
"D","I",0.37,6
"D","I",0.375,7
"D","I",0.38,6
"D","I",0.395,8
"D","I",0.43,6
"D","I",0.44,8
"D","I",NA,NA
"D","F",0.465,7
"D","M",0.48,8
"D","I",0.485,7
"D","F",0.49,9
"D","I",0.495,8
"D","I",NA,NA
"D","F",0.505,8
"D","M",0.52,7
"D","M",0.52,7
"D","F",0.525,7
"D","M",0.55,8
"D","F",0.555,8
"D","F",0.555,8
"D","F",0.575,8
"D","M",0.6,9
"D","F",0.61,12
"D","F",0.61,10
"D","F",0.61,8
"D","M",0.615,8
"D","M",0.62,9
"D","F",NA,NA
"D","F",0.625,10
"D","M",0.625,11
"D","M",0.635,10
"D","F",0.64,9
"D","M",0.64,9
"D","M",0.66,10
"D","F",0.665,11
"D","F",0.715,10
"D","M",0.72,11
"D","F",0.725,9
"D","I",0.165,3
"D","I",0.21,4
"D","I",NA,NA
"D","I",0.4,6
"D","I",0.4,7
"D","I",0.4,6
"D","I",0.435,7
"D","I",0.44,7
"D","I",0.45,8
"D","I",0.465,6
"D","I",NA,NA
"D","I",NA,NA
"D","I",0.475,8
"D","I",0.485,7
"D","F",0.505,8
"D","I",0.51,8
"D","I",0.52,8
"D","F",0.53,8
"D","M",0.535,10
"D","M",0.55,8
"D","M",0.555,8
"D","M",NA,NA
"D","F",0.555,9
"D","M",0.56,8
"D","M",0.575,8
"D","F",NA,NA
"D","M",0.59,10
"D","F",0.595,9
"D","M",0.6,8
"D","M",NA,NA
"D","M",NA,NA
"D","F",0.615,11
"D","F",0.62,10
"D","M",0.625,10
"D","M",NA,NA
"D","F",0.64,11
"D","F",0.64,9
"D","F",0.645,10
"D","M",0.65,9
"D","M",0.655,11
"D","F",0.655,11
"D","F",0.66,9
"D","M",0.67,10
"D","F",NA,NA
"D","F",0.7,11
"D","F",0.7,11
"D","M",0.71,11
"D","M",0.715,10
"D","F",0.72,11
"D","I",0.215,3
"D","I",0.24,4
"D","I",0.26,4
"D","I",0.32,6
"D","I",0.33,6
"D","I",0.335,6
"D","I",0.35,7
"D","I",0.35,6
"D","I",0.36,6
"D","I",0.36,7
"D","I",0.365,7
"D","I",NA,NA
"D","I",NA,NA
"D","I",0.4,6
"D","I",0.4,9
"D","I",0.425,8
"D","I",0.43,6
"D","M",0.435,7
"D","I",NA,NA
"D","I",0.445,8
"D","I",NA,NA
"D","I",0.455,8
"D","I",NA,NA
"D","I",NA,NA
"D","I",0.475,8
"D","I",0.475,7
"D","I",0.48,9
"D","F",0.495,7
"D","I",0.5,9
"D","M",0.505,8
"D","I",0.515,9
"D","I",0.525,8
"D","I",NA,NA
"D","I",0.53,8
"D","M",0.535,8
"D","I",0.535,9
"D","I",0.54,8
"D","I",0.55,10
"D","F",0.565,10
"D","M",NA,NA
"D","I",0.57,9
"D","F",0.57,8
"D","I",0.575,8
"D","I",0.575,9
"D","F",0.575,9
"D","M",0.575,9
"D","I",0.58,10
"D","I",0.58,10
"D","I",0.58,11
"D","M",0.58,9
"D","F",0.585,9
"D","F",0.585,9
"D","F",0.595,10
"D","F",0.6,9
"D","M",0.6,8
"D","F",0.6,11
"D","M",0.6,11
"D","F",NA,NA
"D","F",0.6,9
"D","F",0.62,10
"D","M",0.625,9
"D","F",NA,NA
"D","F",NA,NA
"D","M",0.625,11
"D","M",0.625,9
"D","I",0.63,11
"D","M",0.635,10
"D","M",0.65,12
"D","M",0.65,11
"D","F",0.65,11
"D","F",0.65,9
"D","M",0.655,11
"D","F",0.655,8
"D","F",NA,NA
"D","M",NA,NA
"D","M",0.675,10
"D","M",0.685,11
"D","M",0.715,12
"D","M",0.735,12
"D","I",0.175,4
"D","I",0.37,8
"D","I",NA,NA
"D","I",NA,NA
"D","I",0.455,8
"D","I",0.495,8
"D","F",0.51,7
"D","M",0.515,8
"D","M",NA,NA
"D","F",0.555,9
"D","M",NA,NA
"D","F",0.59,10
"D","M",0.6,10
"D","F",0.61,11
"D","M",0.615,11
"D","M",0.615,9
"D","M",0.615,14
"D","M",0.62,9
"D","M",0.63,11
"D","F",0.64,12
"D","F",0.64,9
"D","F",0.655,8
"D","M",0.655,10
"D","M",0.66,10
"D","F",0.665,9
"D","F",NA,NA
"D","M",0.69,10
"D","M",0.715,10
"D","F",0.735,13
"D","I",0.27,6
"D","I",0.285,7
"D","I",0.295,5
"D","I",0.3,5
"D","I",0.3,5
"D","I",0.36,6
"D","I",0.37,6
"D","I",0.39,8
"D","I",0.435,6
"D","I",0.44,8
"D","I",0.44,8
"D","I",0.445,7
"D","I",0.465,9
"D","I",0.465,8
"D","I",0.47,8
"D","I",NA,NA
"D","I",0.475,9
"D","I",0.475,9
"D","I",0.485,8
"D","I",0.49,9
"D","I",NA,NA
"D","I",0.52,8
"D","I",0.525,10
"D","F",NA,NA
"D","I",0.53,9
"D","I",0.53,9
"D","M",0.53,9
"D","I",0.53,11
"D","M",0.535,7
"D","I",NA,NA
"D","M",NA,NA
"D","F",0.545,10
"D","I",0.55,10
"D","I",NA,NA
"D","I",0.55,9
"D","I",0.555,9
"D","I",0.575,9
"D","I",0.575,8
"D","F",0.585,11
"D","F",0.585,10
"D","I",0.585,9
"D","M",0.59,8
"D","I",0.595,10
"D","F",NA,NA
"D","F",NA,NA
"D","F",0.595,12
"D","M",0.6,10
"D","F",0.6,10
"D","M",0.605,11
"D","F",0.605,10
"D","M",0.61,10
"D","F",0.61,9
"D","M",0.615,11
"D","M",0.62,11
"D","M",0.62,10
"D","I",0.62,11
"D","M",0.62,10
"D","F",0.625,14
"D","I",0.625,11
"D","I",0.63,11
"D","F",0.63,9
"D","M",0.64,13
"D","M",0.645,12
"D","M",0.65,11
"D","M",0.65,11
"D","M",NA,NA
"D","F",0.65,10
"D","M",0.65,13
"D","M",0.65,12
"D","F",0.65,10
"D","M",0.65,11
"D","F",0.66,10
"D","M",0.66,10
"D","F",0.665,11
"D","F",NA,NA
"D","M",0.67,11
"D","F",0.67,9
"D","F",0.675,11
"D","M",0.675,11
"D","F",0.675,9
"D","M",NA,NA
"D","M",0.685,11
"D","M",0.705,11
"D","F",NA,NA
"D","M",0.71,11
"D","F",0.725,11
"D","M",NA,NA
"D","I",0.235,5
"D","I",0.35,7
"D","I",0.36,7
"D","I",0.38,7
"D","F",0.38,7
"D","M",0.43,9
"D","I",0.465,9
"D","I",NA,NA
"D","F",0.485,7
"D","M",0.495,9
"D","I",0.5,8
"D","M",0.505,7
"D","I",0.51,10
"D","M",0.51,9
"D","M",0.515,9
"D","F",0.55,9
"D","F",0.575,10
"D","M",0.605,10
"D","M",0.615,10
"D","M",0.615,9
"D","M",0.625,10
"D","M",0.625,9
"D","F",0.635,9
"D","F",0.65,9
"D","F",NA,NA
"D","F",0.67,12
"D","F",0.695,13
"D","F",NA,NA
"D","I",0.275,5
"D","I",0.285,5
"D","I",0.36,7
"D","I",0.385,6
"D","I",NA,NA
"D","I",NA,NA
"D","I",NA,NA
"D","I",0.45,7
"D","I",0.475,8
"D","I",0.475,8
"D","I",NA,NA
"D","I",0.51,8
"D","I",0.515,9
"D","I",NA,NA
"D","I",NA,NA
"D","M",0.53,9
"D","M",NA,NA
"D","M",0.53,10
"D","I",NA,NA
"D","I",0.53,11
"D","I",NA,NA
"D","I",0.535,9
"D","F",0.555,10
"D","M",0.555,10
"D","M",0.56,9
"D","F",0.56,9
"D","I",0.565,9
"D","I",0.575,10
"D","M",NA,NA
"D","F",0.575,9
"D","I",0.58,9
"D","M",NA,NA
"D","F",0.585,13
"D","M",0.585,9
"D","I",0.59,9
"D","M",0.595,10
"D","M",0.615,10
"D","M",0.615,10
"D","F",0.62,11
"D","I",0.62,12
"D","M",0.62,11
"D","M",0.625,9
"D","M",0.625,10
"D","M",0.63,12
"D","F",0.63,8
"D","F",0.645,10
"D","F",NA,NA
"D","F",0.65,11
"D","F",0.655,13
"D","F",0.665,14
"D","M",NA,NA
"D","M",0.675,12
"D","F",NA,NA
"D","M",0.695,13
"D","F",0.695,10
"D","F",0.705,11
"D","M",0.74,12
"D","I",NA,NA
"D","I",0.305,6
"D","I",0.32,7
"D","I",0.355,7
"D","M",0.425,9
"D","I",0.425,8
"D","F",NA,NA
"D","M",0.515,10
"D","F",0.52,8
"D","I",NA,NA
"D","M",0.555,9
"D","F",0.61,12
"D","I",NA,NA
"D","I",0.38,6
"D","I",0.46,8
"D","M",0.465,8
"D","M",0.475,8
"D","M",0.565,9
"D","M",0.57,8
"D","M",0.57,10
"D","M",0.595,10
"D","F",0.605,9
"D","F",0.615,9
"D","M",0.62,7
"D","M",0.625,11
"D","F",NA,NA
"D","M",NA,NA
"D","M",0.68,11
"D","F",0.71,12
"D","M",0.5,14
"D","F",0.545,10
"D","F",0.46,14
"D","M",0.535,11
"D","M",0.335,6
"D","F",0.425,7
"D","M",0.41,9
"D","I",NA,NA
"D","I",NA,NA
"D","M",0.52,8
"D","F",0.53,9
"D","M",0.5,11
"D","F",0.615,9
"D","M",0.575,16
"D","M",0.57,14
"D","M",0.455,11
"D","I",0.37,6
"D","M",0.445,9
"D","F",NA,NA
"D","M",0.385,6
"D","F",0.375,7
"D","M",0.56,10
"D","M",0.55,12
"D","F",0.57,9
"D","F",0.485,11
"D","M",0.41,8
"D","I",0.335,9
"D","M",0.655,16
"D","F",0.565,12
"D","F",0.57,9
"D","F",NA,NA
"D","F",0.63,14
"D","M",0.475,10
"D","F",0.655,18
"D","I",0.32,5
"D","M",0.525,19
"D","F",0.525,10
"D","F",0.5,15
"D","F",0.44,8
"D","F",0.49,9
"D","M",0.545,15
"D","F",0.45,12
"D","F",0.515,9
"D","I",0.33,5
"D","F",0.525,12
"D","M",0.295,9
"D","M",0.545,16
"D","F",0.645,15
"D","M",NA,NA
"D","F",NA,NA
"D","I",0.38,7
"D","F",0.565,10
"D","F",0.67,15
"D","M",0.54,10
"D","I",0.29,9
"D","I",NA,NA
"D","F",0.46,7
"D","F",0.56,9
"D","F",0.575,12
"D","M",NA,NA
"D","M",0.515,16
"D","F",0.56,12
"D","F",0.5,13
"D","I",0.435,9
"D","M",0.495,12
"D","F",0.595,13
"D","M",0.76,14
"D","F",0.615,17
"D","F",0.565,10
"D","I",0.14,4
"D","M",0.445,15
"D","F",0.525,12
"D","I",0.16,4
"D","M",0.635,16
"D","M",0.575,16
"D","M",0.38,6
"D","M",0.245,4
"D","I",0.48,13
"D","I",0.455,9
"D","F",0.455,10
"D","M",0.455,13
"D","I",0.355,10
"D","I",0.52,15
"D","I",0.54,11
"D","I",0.52,19
"D","I",0.56,11
"D","F",0.52,10
"D","I",0.615,13
"D","F",0.645,18
"D","I",0.565,11
"D","M",0.295,8
"D","M",NA,NA
"D","I",NA,NA
"D","M",0.395,12
"D","F",0.5,20
"D","F",NA,NA
"D","I",0.58,14
"D","I",0.5,12
"D","I",0.725,10
"D","F",0.65,16
"D","F",0.67,21
"D","I",0.55,17
"D","F",0.49,11
"D","I",0.235,6
"D","I",0.235,5
"D","M",NA,NA
"D","F",NA,NA
"D","M",0.53,13
"D","F",NA,NA
"D","M",0.555,14
"D","M",NA,NA
"D","F",0.54,15
"D","F",0.525,11
"D","M",NA,NA
"D","M",0.55,20
"D","I",0.235,6
"D","M",0.525,13
"D","M",0.475,16
"D","F",0.53,12
"D","F",0.525,13
"D","F",0.53,13
"D","F",0.465,13
"D","I",0.315,5
"D","I",0.465,8
"D","M",0.485,7
"D","I",0.49,9
"D","F",0.515,12
"D","F",NA,NA
"D","F",0.61,9
"D","F",NA,NA
"D","M",0.69,11
"D","M",0.695,10
"D","F",0.72,10
"D","I",0.27,4
"D","I",0.27,5
"D","I",0.295,6
"D","I",NA,NA
"D","I",0.315,6
"D","I",NA,NA
"D","I",0.38,6
"D","I",NA,NA
"D","I",0.4,6
"D","M",0.415,8
"D","I",0.415,7
"D","I",NA,NA
"D","I",0.44,6
"D","I",0.45,7
"D","I",0.475,7
"D","M",NA,NA
"D","M",0.495,6
"D","F",0.525,7
"D","M",0.565,8
"D","I",0.58,6
"D","F",0.585,6
"D","M",0.6,10
"D","M",0.63,11
"D","F",0.645,10
"D","F",0.655,11
"D","M",0.665,8
"D","F",0.67,11
"D","M",0.67,10
"D","M",0.685,9
"D","M",0.7,10
"D","M",0.72,12
"D","I",0.185,4
"D","I",0.245,5
"D","I",0.315,6
"D","I",0.36,6
"D","I",0.375,6
"D","I",0.415,6
"D","I",0.455,7
"D","I",0.48,6
"D","I",0.485,8
"D","I",0.51,8
"D","M",NA,NA
"D","F",0.555,9
"D","M",0.585,9
"D","F",0.585,11
"D","M",0.585,12
"D","M",NA,NA
"D","M",0.61,9
"D","M",0.615,9
"D","F",0.62,8
"D","M",0.625,8
"D","M",0.625,10
"D","M",NA,NA
"D","F",0.64,9
"D","M",0.66,11
"D","M",0.66,8
"D","M",0.66,10
"D","F",0.68,11
"D","F",0.69,10
"D","M",NA,NA
"D","I",NA,NA
"D","I",0.33,6
"D","I",0.33,7
"D","I",0.365,7
"D","I",0.365,6
"D","I",0.42,8
"D","I",0.435,7
"D","I",0.435,7
"D","I",0.44,8
"D","I",0.485,8
"D","I",0.495,10
"D","M",0.51,7
"D","I",0.52,11
"D","I",0.54,8
"D","I",0.54,10
"D","I",0.55,11
"D","I",0.56,11
"D","F",0.575,12
"D","I",0.575,10
"D","F",0.575,10
"D","F",0.58,8
"D","F",NA,NA
"D","M",0.59,9
"D","M",0.6,11
"D","M",0.62,11
"D","F",0.625,13
"D","M",0.625,9
"D","M",0.625,9
"D","M",0.625,10
"D","M",0.625,13
"D","F",0.625,10
"D","F",0.635,10
"D","F",NA,NA
"D","M",0.645,11
"D","F",0.69,11
"D","F",0.695,10
"D","M",0.515,8
"D","I",0.545,8
"D","M",0.62,10
"D","M",NA,NA
"D","F",0.63,11
"D","F",0.64,9
"D","I",0.37,6
"D","I",0.395,7
"D","I",0.4,6
"D","I",0.41,7
"D","I",0.455,8
"D","I",0.48,7
"D","I",0.485,8
"D","I",0.5,8
"D","I",0.515,9
"D","I",0.52,8
"D","M",0.545,8
"D","I",0.545,8
"D","I",0.55,9
"D","M",0.55,10
"D","M",0.55,8
"D","I",0.555,8
"D","M",0.56,11
"D","I",0.565,9
"D","M",0.57,10
"D","F",0.575,10
"D","M",0.585,11
"D","M",0.59,8
"D","I",NA,NA
"D","M",NA,NA
"D","M",0.61,9
"D","M",0.615,11
"D","M",NA,NA
"D","F",0.625,11
"D","M",0.63,11
"D","M",0.63,13
"D","F",0.635,11
"D","F",0.635,12
"D","M",0.635,9
"D","F",0.65,9
"D","M",0.67,9
"D","F",0.675,9
"D","F",0.675,11
"D","M",NA,NA
"D","M",0.7,10
"D","F",0.71,11
"D","F",0.715,9
"D","F",0.72,11
"D","I",0.42,7
"D","I",0.48,7
"D","M",0.48,8
"D","M",0.51,9
"D","I",0.515,8
"D","F",NA,NA
"D","I",NA,NA
"D","F",0.57,9
"D","F",0.605,10
"D","M",0.625,9
"D","F",0.64,9
"D","M",0.65,9
"D","I",0.3,4
"D","M",0.35,7
"D","I",0.455,9
"D","I",0.46,8
"D","I",0.49,8
"D","I",NA,NA
"D","I",0.54,9
"D","M",NA,NA
"D","I",0.55,10
"D","M",0.555,8
"D","I",0.57,10
"D","M",0.58,10
"D","I",0.58,11
"D","I",0.585,10
"D","M",0.585,11
"D","F",NA,NA
"D","F",0.6,11
"D","F",0.615,9
"D","M",0.63,11
"D","M",0.63,11
"D","F",0.635,10
"D","F",0.645,10
"D","F",0.65,11
"D","M",0.655,13
"D","F",0.655,13
"D","M",0.67,11
"D","M",0.67,11
"D","M",0.695,10
"D","M",0.695,11
"D","M",0.77,11
"D","I",0.28,6
"D","I",0.33,7
"D","I",0.35,6
"D","I",0.37,7
"D","I",NA,NA
"D","I",0.435,6
"D","I",0.44,6
"D","M",0.475,8
"D","M",0.475,8
"D","I",0.48,8
"D","F",0.56,9
"D","F",0.585,11
"D","F",0.585,11
"D","M",0.385,8
"D","I",NA,NA
"D","I",0.39,7
"D","I",0.405,7
"D","I",0.475,10
"D","M",0.5,9
"D","F",0.515,8
"D","M",0.52,10
"D","M",0.55,10
"D","M",0.56,8
"D","F",0.565,11
"D","M",0.59,10
"D","M",0.6,9
"D","F",0.625,10
"D","M",NA,NA
